dateTime,url,isSeries,name,originalName,year,isWatched,userVote,tmdbId
2026-09-01,https://www.kinopoisk.ru/film/5506641/,нет,Очень страшное кино,Scary Movie,2026,да,5,1273221
2026-08-15,https://www.kinopoisk.ru/film/1008408/,нет,Камуфляж и шпионаж,Spies in Disguise,2019,да,7,431693
2026-08-11,https://www.kinopoisk.ru/film/81314/,нет,Отступники,The Departed,2006,да,7,1422
2026-08-10,https://www.kinopoisk.ru/film/391/,нет,Заводной апельсин,A Clockwork Orange,1971,да,8,185
2026-08-04,https://www.kinopoisk.ru/film/4290977/,да,Книга Бобы Фетта,The Book of Boba Fett,2021,да,7,115036
2026-08-04,https://www.kinopoisk.ru/film/1118138/,да,Мандалорец,The Mandalorian,2019,да,7,82856
2026-08-04,https://www.kinopoisk.ru/film/718222/,нет,Звёздные войны: Скайуокер. Восход,Star Wars: Episode IX - The Rise of Skywalker,2019,да,6,181812
2026-08-04,https://www.kinopoisk.ru/film/718223/,нет,Звёздные войны: Последние джедаи,Star Wars: Episode VIII - The Last Jedi,2017,да,7,181808
2026-08-04,https://www.kinopoisk.ru/film/714888/,нет,Звёздные войны: Пробуждение силы,Star Wars: Episode VII - The Force Awakens,2015,да,7,140607
2026-08-04,https://www.kinopoisk.ru/film/447/,нет,Звёздные войны: Эпизод 6 – Возвращение Джедая,Star Wars: Episode VI - Return of the Jedi,1983,да,8,1892
2026-08-04,https://www.kinopoisk.ru/film/338/,нет,Звёздные войны: Эпизод 5 – Империя наносит ответный удар,Star Wars: Episode V - The Empire Strikes Back,1980,да,8,1891
2026-08-04,https://www.kinopoisk.ru/film/5619/,нет,Звёздные войны: Эпизод 3 – Месть ситхов,Star Wars: Episode III - Revenge of the Sith,2005,да,8,1895
2026-08-04,https://www.kinopoisk.ru/film/844/,нет,Звёздные войны: Эпизод 2 – Атака клонов,Star Wars: Episode II - Attack of the Clones,2002,да,8,1894
2026-08-04,https://www.kinopoisk.ru/film/6695/,нет,Звёздные войны: Эпизод 1 – Скрытая угроза,Star Wars: Episode I - The Phantom Menace,1999,да,7,1893
2026-08-04,https://www.kinopoisk.ru/film/931677/,нет,Дюнкерк,Dunkirk,2017,да,7,374720
2026-07-31,https://www.kinopoisk.ru/film/333/,нет,Звёздные войны: Эпизод 4 – Новая надежда,Star Wars,1977,да,7,11
2026-07-30,https://www.kinopoisk.ru/film/1015471/,нет,Райя и последний дракон,Raya and the Last Dragon,2021,да,7,527774
2026-07-30,https://www.kinopoisk.ru/film/706019/,нет,Не время умирать,No Time to Die,2020,да,6,370172
2026-07-30,https://www.kinopoisk.ru/film/418/,нет,Цельнометаллическая оболочка,Full Metal Jacket,1987,да,8,600
2026-07-21,https://www.kinopoisk.ru/film/5452841/,нет,Закулисье реальности,Backrooms,2026,да,7,1083381
2026-07-09,https://www.kinopoisk.ru/film/5437614/,нет,Майкл,Michael,2026,да,7,936075
2026-05-25,https://www.kinopoisk.ru/film/460586/,да,Пацаны,The Boys,2019,да,8,76479
2026-04-19,https://www.kinopoisk.ru/film/6589776/,да,Питт,The Pitt,2025,да,8,250307
2026-04-11,https://www.kinopoisk.ru/film/1382256/,нет,Проект Конец света,Project Hail Mary,2026,да,8,687163
2026-03-28,https://www.kinopoisk.ru/film/273064/,нет,Доказательство смерти,Death Proof,2007,да,8,1991
2026-03-25,https://www.kinopoisk.ru/film/81530/,нет,Матч поинт,Match Point,2005,да,7,116
2026-03-21,https://www.kinopoisk.ru/film/841700/,нет,Марсианин,The Martian,2015,да,8,286217
2026-03-20,https://www.kinopoisk.ru/film/7605773/,нет,Простая случайность,Yek tasadof-e sadeh,2025,да,8,1456349
2026-03-18,https://www.kinopoisk.ru/film/61271/,нет,Загадочная кожа,Mysterious Skin,2004,да,8,11171
2026-03-18,https://www.kinopoisk.ru/film/535243/,нет,Каскадёры,The Fall Guy,2024,да,7,746036
2026-03-13,https://www.kinopoisk.ru/film/6871/,нет,Пляж,The Beach,2000,да,7,1907
2026-03-13,https://www.kinopoisk.ru/film/979148/,нет,Назови меня своим именем,Call Me by Your Name,2017,да,7,398818
2026-03-06,https://www.kinopoisk.ru/film/718811/,нет,Прибытие,Arrival,2016,да,8,329865
2026-02-27,https://www.kinopoisk.ru/film/5454868/,нет,"Хамнет: История, вдохновившая Гамлета",Hamnet,2025,да,8,858024
2026-02-23,https://www.kinopoisk.ru/film/5499518/,нет,Грешники,Sinners,2025,да,7,1233413
2026-02-21,https://www.kinopoisk.ru/film/3608/,нет,С широко закрытыми глазами,Eyes Wide Shut,1999,да,7,345
2026-02-19,https://www.kinopoisk.ru/film/1378893/,нет,Бугония,Bugonia,2025,да,7,701387
2026-02-13,https://www.kinopoisk.ru/film/4825582/,нет,Одинокие волки,Wolfs,2024,да,7,877817
2026-01-27,https://www.kinopoisk.ru/film/5268266/,нет,Возвращение в Сайлент Хилл,Return to Silent Hill,2025,да,6,680493
2026-01-27,https://www.kinopoisk.ru/film/6750360/,нет,Горничная,The Housemaid,2025,да,7,1368166
2026-01-26,https://www.kinopoisk.ru/film/6290547/,нет,Марти Великолепный,Marty Supreme,2025,да,8,1317288
2026-01-26,https://www.kinopoisk.ru/film/5437094/,нет,Битва за битвой,One Battle After Another,2025,да,8,1054867
2026-01-21,https://www.kinopoisk.ru/film/251733/,нет,Аватар,Avatar,2009,да,8,19995
2026-01-21,https://www.kinopoisk.ru/film/570402/,нет,Аватар: Пламя и пепел,Avatar: Fire and Ash,2025,да,8,83533
2026-01-19,https://www.kinopoisk.ru/film/1055194/,нет,Грейхаунд,Greyhound,2020,да,7,516486
2026-01-14,https://www.kinopoisk.ru/film/1077781/,нет,Убийцы цветочной луны,Killers of the Flower Moon,2023,да,7,466420
2026-01-13,https://www.kinopoisk.ru/film/866/,нет,Неуязвимый,Unbreakable,2000,да,7,9741
2026-01-13,https://www.kinopoisk.ru/film/6374/,нет,Авиатор,The Aviator,2004,да,8,2567
2026-01-09,https://www.kinopoisk.ru/film/823616/,нет,Финч,Finch,2021,да,7,522402
2026-01-08,https://www.kinopoisk.ru/film/472/,нет,Индиана Джонс и последний крестовый поход,Indiana Jones and the Last Crusade,1989,да,8,89
2026-01-06,https://www.kinopoisk.ru/film/6600202/,да,Друзья и соседи,Your Friends & Neighbors,2025,да,7,241609
2026-01-06,https://www.kinopoisk.ru/film/7122/,нет,Индиана Джонс и Храм судьбы,Indiana Jones and the Temple of Doom,1984,да,7,87
2026-01-05,https://www.kinopoisk.ru/film/339/,нет,Индиана Джонс: В поисках утраченного ковчега,Raiders of the Lost Ark,1981,да,8,85
2026-01-03,https://www.kinopoisk.ru/film/9997408/,да,Жаркое соперничество,Heated Rivalry,2025,да,8,301507
2026-01-03,https://www.kinopoisk.ru/film/915196/,да,Очень странные дела,Stranger Things,2016,да,8,66732
2025-12-12,https://www.kinopoisk.ru/film/5265603/,нет,Зверополис 2,Zootopia 2,2025,да,8,1084242
2025-11-09,https://www.kinopoisk.ru/film/195615/,нет,Механик,The Mechanic,2010,да,7,27582
2025-11-09,https://www.kinopoisk.ru/film/3447/,нет,Миссия: невыполнима 2,Mission: Impossible II,2000,да,6,955
2025-11-04,https://www.kinopoisk.ru/film/3961/,нет,Миссия: невыполнима,Mission: Impossible,1996,да,8,954
2025-11-02,https://www.kinopoisk.ru/film/5622/,нет,Сонная Лощина,Sleepy Hollow,1999,да,7,2668
2025-10-31,https://www.kinopoisk.ru/film/311268/,нет,Никогда не сдавайся,Never Back Down,2008,да,6,8456
2025-10-28,https://www.kinopoisk.ru/film/1289334/,нет,Голодные игры: Баллада о змеях и певчих птицах,The Hunger Games: The Ballad of Songbirds & Snakes,2023,да,7,695721
2025-10-27,https://www.kinopoisk.ru/film/426053/,нет,Ранго,Rango,2011,да,7,44896
2025-10-27,https://www.kinopoisk.ru/film/319/,нет,Терминатор 3: Восстание машин,Terminator 3: Rise of the Machines,2003,да,7,296
2025-10-22,https://www.kinopoisk.ru/film/930534/,нет,Сплит,Split,2017,да,7,381288
2025-10-18,https://www.kinopoisk.ru/film/444/,нет,Терминатор 2: Судный день,Terminator 2: Judgment Day,1991,да,8,280
2025-10-18,https://www.kinopoisk.ru/film/507/,нет,Терминатор,The Terminator,1984,да,7,218
2025-10-13,https://www.kinopoisk.ru/film/5212124/,нет,Собиратель душ,Longlegs,2023,да,6,1226578
2025-10-12,https://www.kinopoisk.ru/film/450289/,нет,Машина времени в джакузи,Hot Tub Time Machine,2010,да,6,23048
2025-10-08,https://www.kinopoisk.ru/film/505898/,нет,Аватар: Путь воды,Avatar: The Way of Water,2022,да,8,76600
2025-10-05,https://www.kinopoisk.ru/film/2053/,нет,Послезавтра,The Day After Tomorrow,2004,да,7,435
2025-10-05,https://www.kinopoisk.ru/film/49166/,нет,Коралина в Стране Кошмаров,Coraline,2008,да,8,14836
2025-10-03,https://www.kinopoisk.ru/film/413447/,нет,2012,2012,2009,да,7,14161
2025-10-02,https://www.kinopoisk.ru/film/180577/,нет,Девять,9,2009,да,7,12244
2025-09-24,https://www.kinopoisk.ru/film/685246/,да,Рик и Морти,Rick and Morty,2013,да,8,60625
2025-09-24,https://www.kinopoisk.ru/film/7103/,нет,Назад в будущее 3,Back to the Future Part III,1990,да,8,196
2025-09-23,https://www.kinopoisk.ru/film/1290942/,нет,Долгая прогулка,The Long Walk,2025,да,6,604079
2025-09-22,https://www.kinopoisk.ru/film/5502/,нет,Назад в будущее 2,Back to the Future Part II,1989,да,8,165
2025-09-18,https://www.kinopoisk.ru/film/4965740/,нет,Тогда. Сейчас. Потом,Here,2024,да,8,940139
2025-09-16,https://www.kinopoisk.ru/film/468940/,нет,Спасатели Малибу,Baywatch,2017,да,6,339846
2025-09-16,https://www.kinopoisk.ru/film/476/,нет,Назад в будущее,Back to the Future,1985,да,8,105
2025-09-16,https://www.kinopoisk.ru/film/409118/,нет,Храбрая сердцем,Brave,2012,да,7,62177
2025-09-14,https://www.kinopoisk.ru/film/1933/,нет,Голый пистолет 33 1/3: Последний выпад,Naked Gun 33 1/3: The Final Insult,1994,да,7,36593
2025-09-13,https://www.kinopoisk.ru/film/5277/,нет,Мулан,Mulan,1998,да,7,10674
2025-09-11,https://www.kinopoisk.ru/film/309/,нет,Эквилибриум,Equilibrium,2002,да,7,7299
2025-09-11,https://www.kinopoisk.ru/film/447301/,нет,Начало,Inception,2010,да,8,27205
2025-09-08,https://www.kinopoisk.ru/film/2388/,нет,Голый пистолет 2 1/2: Запах страха,The Naked Gun 2½: The Smell of Fear,1991,да,7,37137
2025-09-06,https://www.kinopoisk.ru/film/4067/,нет,Голый пистолет,The Naked Gun: From the Files of Police Squad!,1988,да,7,37136
2025-08-28,https://www.kinopoisk.ru/film/1047492/,нет,Балерина,Ballerina,2025,да,7,541671
2025-08-24,https://www.kinopoisk.ru/film/427198/,нет,Социальная сеть,The Social Network,2010,да,7,37799
2025-08-22,https://www.kinopoisk.ru/film/8224/,нет,Акира,Akira,1987,да,8,149
2025-08-19,https://www.kinopoisk.ru/film/5446941/,нет,Материалистка,Materialists,2025,да,6,1136867
2025-08-18,https://www.kinopoisk.ru/film/1192848/,нет,Букашки 2,Minuscule 2: Les mandibules du bout du monde,2018,да,7,513302
2025-08-17,https://www.kinopoisk.ru/film/708278/,нет,Букашки. Приключение в Долине муравьев,Minuscule: La vallée des fourmis perdues,2013,да,7,140870
2025-08-10,https://www.kinopoisk.ru/film/584/,нет,Адаптация,Adaptation.,2002,да,7,2757
2025-08-07,https://www.kinopoisk.ru/film/586260/,нет,Ральф,Wreck-It Ralph,2012,да,8,82690
2025-08-07,https://www.kinopoisk.ru/film/988782/,нет,Ральф против интернета,Ralph Breaks the Internet,2018,да,6,404368
2025-08-05,https://www.kinopoisk.ru/film/824437/,нет,Меч короля Артура,King Arthur: Legend of the Sword,2017,да,7,274857
2025-07-31,https://www.kinopoisk.ru/film/32714/,нет,Шёпот сердца,Mimi wo sumaseba,1995,да,8,37797
2025-07-30,https://www.kinopoisk.ru/film/712/,нет,Бессонница,Insomnia,2002,да,8,320
2025-07-28,https://www.kinopoisk.ru/film/1990/,нет,На гребне волны,Point Break,1991,да,7,1089
2025-07-27,https://www.kinopoisk.ru/film/325/,нет,Крестный отец,The Godfather,1972,да,8,238
2025-07-26,https://www.kinopoisk.ru/film/4695/,нет,Лицо со шрамом,Scarface,1983,да,8,111
2025-07-24,https://www.kinopoisk.ru/film/3793/,нет,Константин: Повелитель тьмы,Constantine,2005,да,7,561
2025-07-23,https://www.kinopoisk.ru/film/1045449/,нет,Босс-молокосос 2,The Boss Baby: Family Business,2021,да,6,459151
2025-07-21,https://www.kinopoisk.ru/film/5003510/,нет,F1,F1,2025,да,8,911430
2025-07-21,https://www.kinopoisk.ru/film/42571/,нет,Иди и смотри,,1985,да,8,25237
2025-07-20,https://www.kinopoisk.ru/film/947898/,нет,Проклятие Аннабель: Зарождение зла,Annabelle: Creation,2017,да,6,396422
2025-07-20,https://www.kinopoisk.ru/film/808062/,нет,Проклятие Аннабель,Annabelle,2014,да,6,250546
2025-07-19,https://www.kinopoisk.ru/film/842567/,нет,Босс-молокосос,The Boss Baby,2017,да,6,295693
2025-07-09,https://www.kinopoisk.ru/film/5460719/,нет,Финикийская схема,The Phoenician Scheme,2025,да,7,1137350
2025-07-09,https://www.kinopoisk.ru/film/546915/,нет,Тихоокеанский рубеж,Pacific Rim,2013,да,6,68726
2025-07-08,https://www.kinopoisk.ru/film/405608/,нет,Мегамозг,Megamind,2010,да,8,38055
2025-07-07,https://www.kinopoisk.ru/film/1254052/,нет,Проклятие монахини 2,The Nun II,2023,да,6,968051
2025-07-06,https://www.kinopoisk.ru/film/1009142/,нет,Зверопой 2,Sing 2,2021,да,7,438695
2025-07-06,https://www.kinopoisk.ru/film/821008/,нет,Зверопой,Sing,2016,да,7,335797
2025-07-06,https://www.kinopoisk.ru/film/991225/,нет,Проклятие монахини,The Nun,2018,да,6,439079
2025-07-04,https://www.kinopoisk.ru/film/474953/,нет,Шерлок Холмс: Игра теней,Sherlock Holmes: A Game of Shadows,2011,да,8,58574
2025-07-04,https://www.kinopoisk.ru/film/1108494/,нет,Семья по-быстрому,Instant Family,2018,да,7,491418
2025-07-01,https://www.kinopoisk.ru/film/420923/,нет,Шерлок Холмс,Sherlock Holmes,2009,да,8,10528
2025-07-01,https://www.kinopoisk.ru/film/839650/,нет,Суперсемейка 2,Incredibles 2,2018,да,8,260513
2025-07-01,https://www.kinopoisk.ru/film/38903/,нет,Суперсемейка,The Incredibles,2004,да,8,9806
2025-05-24,https://www.kinopoisk.ru/film/195941/,нет,Супергеройское кино,Superhero Movie,2008,да,6,11918
2025-05-18,https://www.kinopoisk.ru/film/231150/,нет,Большой Стэн,Big Stan,2007,да,7,13161
2025-05-17,https://www.kinopoisk.ru/film/1392550/,нет,Быстрее пули,Bullet Train,2022,да,8,718930
2025-05-16,https://www.kinopoisk.ru/film/759874/,нет,Ты водишь!,Tag,2018,да,6,455980
2025-05-11,https://www.kinopoisk.ru/film/81472/,нет,Хеллбой II: Золотая армия,Hellboy II: The Golden Army,2008,да,7,11253
2025-05-09,https://www.kinopoisk.ru/film/5052/,нет,Хеллбой: Герой из пекла,Hellboy,2004,да,7,1487
2025-05-07,https://www.kinopoisk.ru/film/422792/,нет,Мадагаскар 3,Madagascar 3: Europe's Most Wanted,2012,да,6,80321
2025-05-07,https://www.kinopoisk.ru/film/6006/,нет,Мадагаскар,Madagascar,2005,да,7,953
2025-05-07,https://www.kinopoisk.ru/film/161066/,нет,Мадагаскар 2,Madagascar: Escape 2 Africa,2008,да,7,10527
2025-05-05,https://www.kinopoisk.ru/film/517988/,нет,Время,In Time,2011,да,8,49530
2025-05-03,https://www.kinopoisk.ru/film/693126/,нет,Город героев,Big Hero 6,2014,да,8,177572
2025-05-02,https://www.kinopoisk.ru/film/520648/,нет,Пипец 2,Kick-Ass 2,2013,да,7,59859
2025-04-30,https://www.kinopoisk.ru/film/419200/,нет,Пипец,Kick-Ass,2010,да,8,23483
2025-04-28,https://www.kinopoisk.ru/film/105948/,нет,Скотт Пилигрим против всех,Scott Pilgrim vs. the World,2010,да,7,22538
2025-04-26,https://www.kinopoisk.ru/film/507440/,нет,Проект X: Дорвались,Project X,2012,да,7,57214
2025-04-19,https://www.kinopoisk.ru/film/651628/,нет,Пиксели,Pixels,2015,да,6,257344
2025-04-15,https://www.kinopoisk.ru/film/278205/,нет,Убежище,Shelter,2007,да,7,17483
2025-04-14,https://www.kinopoisk.ru/film/5457899/,нет,Дикий робот,The Wild Robot,2024,да,8,1184918
2025-04-13,https://www.kinopoisk.ru/film/6206/,нет,Перевозчик,The Transporter,2002,да,7,4108
2025-04-10,https://www.kinopoisk.ru/film/409208/,нет,Обитель зла 4: Жизнь после смерти 3D,Resident Evil: Afterlife,2010,да,6,35791
2025-04-10,https://www.kinopoisk.ru/film/88172/,нет,Обитель зла 3,Resident Evil: Extinction,2007,да,7,7737
2025-04-10,https://www.kinopoisk.ru/film/24186/,нет,Обитель зла 2: Апокалипсис,Resident Evil: Apocalypse,2004,да,7,1577
2025-04-05,https://www.kinopoisk.ru/film/380/,нет,2001 год: Космическая одиссея,2001: A Space Odyssey,1968,да,8,62
2025-04-04,https://www.kinopoisk.ru/film/758178/,нет,Семейка Крудс: Новоселье,The Croods: A New Age,2020,да,7,529203
2025-04-04,https://www.kinopoisk.ru/film/198116/,нет,Семейка Крудс,The Croods,2013,да,7,49519
2025-04-03,https://www.kinopoisk.ru/film/409/,нет,Сияние,The Shining,1980,да,7,694
2025-04-03,https://www.kinopoisk.ru/film/465674/,нет,Рио,Rio,2011,да,7,46195
2025-04-03,https://www.kinopoisk.ru/film/677437/,нет,Рио 2,Rio 2,2014,да,6,172385
2025-03-29,https://www.kinopoisk.ru/film/432725/,нет,Муви 43,Movie 43,2013,да,7,87818
2025-03-28,https://www.kinopoisk.ru/film/801/,нет,Обитель зла,Resident Evil,2002,да,7,1576
2025-03-27,https://www.kinopoisk.ru/film/16955/,нет,Смертельное влечение,Heathers,1988,да,7,2640
2025-03-27,https://www.kinopoisk.ru/film/775278/,нет,Энканто,Encanto,2021,да,7,568124
2025-03-23,https://www.kinopoisk.ru/film/94436/,нет,Фатерлянд,Fatherland,1994,да,7,11248
2025-03-12,https://www.kinopoisk.ru/film/555/,нет,Большой Лебовски,The Big Lebowski,1998,да,7,115
2025-03-05,https://www.kinopoisk.ru/film/757898/,нет,Воровка книг,The Book Thief,2013,да,8,203833
2025-03-03,https://www.kinopoisk.ru/film/5105866/,нет,Настоящая боль,A Real Pain,2024,да,8,1013850
2025-03-02,https://www.kinopoisk.ru/film/8151/,нет,Интервью с вампиром,Interview with the Vampire: The Vampire Chronicles,1994,да,7,628
2025-02-28,https://www.kinopoisk.ru/film/1238292/,нет,Я краснею,Turning Red,2022,да,8,508947
2025-02-27,https://www.kinopoisk.ru/film/775273/,нет,Душа,Soul,2020,да,8,508442
2025-02-27,https://www.kinopoisk.ru/film/775276/,нет,Зверополис,Zootopia,2016,да,8,269149
2025-02-27,https://www.kinopoisk.ru/film/396473/,нет,Гитлер капут!,,2008,да,3,52891
2025-02-26,https://www.kinopoisk.ru/film/726838/,нет,Кролик Джоджо,Jojo Rabbit,2019,да,7,515001
2025-02-26,https://www.kinopoisk.ru/film/1331277/,да,Милый дом,Seuwiteuhom,2020,да,6,96648
2025-02-25,https://www.kinopoisk.ru/film/281251/,нет,Мальчик в полосатой пижаме,The Boy in the Striped Pajamas,2008,да,8,14574
2025-02-25,https://www.kinopoisk.ru/film/1008444/,нет,Дэдпул и Росомаха,Deadpool & Wolverine,2024,да,7,533535
2025-02-24,https://www.kinopoisk.ru/film/961715/,нет,Дэдпул 2,Deadpool 2,2018,да,6,383498
2025-02-23,https://www.kinopoisk.ru/film/462360/,нет,Дэдпул,Deadpool,2016,да,7,293660
2025-02-23,https://www.kinopoisk.ru/film/667907/,нет,Кот в сапогах: Три Чертенка,Puss in Boots: The Three Diablos,2011,да,7,83201
2025-02-23,https://www.kinopoisk.ru/film/102146/,нет,Кот в сапогах,Puss in Boots,2011,да,7,417859
2025-02-23,https://www.kinopoisk.ru/film/840821/,нет,Кот в сапогах 2: Последнее желание,Puss in Boots: The Last Wish,2022,да,6,315162
2025-02-21,https://www.kinopoisk.ru/film/430/,нет,Шрэк,Shrek,2001,да,7,808
2025-02-16,https://www.kinopoisk.ru/film/796660/,да,Лучше звоните Солу,Better Call Saul,2015,да,8,60059
2025-02-16,https://www.kinopoisk.ru/film/986788/,да,Наследники,Succession,2018,да,8,76331
2025-02-05,https://www.kinopoisk.ru/film/653696/,нет,Географ глобус пропил,,2013,да,7,225235
2025-02-03,https://www.kinopoisk.ru/film/5452393/,нет,Граф Монте-Кристо,Le Comte de Monte-Cristo,2024,да,8,1084736
2025-01-28,https://www.kinopoisk.ru/film/44811/,нет,Кин-дза-дза!,,1986,да,8,20874
2025-01-21,https://www.kinopoisk.ru/film/5094888/,нет,Хитмен. Последнее дело,Knox Goes Away,2023,да,7,972614
2025-01-21,https://www.kinopoisk.ru/film/5405057/,нет,Анора,Anora,2024,да,6,1064213
2025-01-21,https://www.kinopoisk.ru/film/893843/,нет,Джунгли,Jungle,2017,да,7,390062
2025-01-20,https://www.kinopoisk.ru/film/4948870/,нет,Сплетение судеб,La Tresse,2023,да,8,989596
2025-01-18,https://www.kinopoisk.ru/film/262771/,нет,99 франков,99 francs,2007,да,7,8827
2025-01-17,https://www.kinopoisk.ru/film/890/,нет,Образцовый самец,Zoolander,2001,да,6,9398
2025-01-16,https://www.kinopoisk.ru/film/1001188/,да,"Свин, Коза, Банан и Сверчок",Pig Goat Banana Cricket,2015,да,4,64931
2025-01-16,https://www.kinopoisk.ru/film/532900/,да,Фанбой и Чам Чам,Fanboy & Chum Chum,2009,да,4,18686
2025-01-14,https://www.kinopoisk.ru/film/102474/,нет,Борат,Borat: Cultural Learnings of America for Make Benefit Glorious Nation of Kazakhstan,2006,да,8,496
2025-01-14,https://www.kinopoisk.ru/film/535337/,нет,Учитель на замену,Detachment,2011,да,8,74308
2025-01-13,https://www.kinopoisk.ru/film/5627252/,нет,Ёлки 11,,2024,да,5,1372336
2025-01-13,https://www.kinopoisk.ru/film/4514472/,нет,Свидание с монстром,Woman of the Hour,2023,да,7,835113
2025-01-09,https://www.kinopoisk.ru/film/4540126/,нет,Дюна: Часть вторая,Dune: Part Two,2024,да,8,693134
2025-01-02,https://www.kinopoisk.ru/film/621/,нет,Дневник Бриджит Джонс,Bridget Jones's Diary,2001,да,7,634
2024-12-30,https://www.kinopoisk.ru/film/988749/,нет,Приключения Паддингтона 3,Paddington in Peru,2024,да,7,516729
2024-12-26,https://www.kinopoisk.ru/film/464963/,да,Игра престолов,Game of Thrones,2011,да,9,1399
2024-12-25,https://www.kinopoisk.ru/film/957887/,нет,Клаус,Klaus,2019,да,7,508965
2024-12-23,https://www.kinopoisk.ru/film/1390797/,нет,Великая,Lee,2023,да,7,832964
2024-12-22,https://www.kinopoisk.ru/film/5138485/,нет,Мария,Maria,2024,да,7,1038263
2024-12-19,https://www.kinopoisk.ru/film/102510/,нет,Знамение,Knowing,2009,да,8,13811
2024-12-13,https://www.kinopoisk.ru/film/464282/,нет,Впритык,Due Date,2010,да,7,41733
2024-12-13,https://www.kinopoisk.ru/film/485261/,нет,Убойные каникулы,Tucker and Dale vs Evil,2010,да,7,46838
2024-12-07,https://www.kinopoisk.ru/film/401177/,нет,Сумерки,Twilight,2008,да,6,8966
2024-12-06,https://www.kinopoisk.ru/film/5942378/,нет,Еретик,Heretic,2024,да,7,1138194
2024-12-06,https://www.kinopoisk.ru/film/775410/,нет,Виселица,Hangman,2017,да,4,323368
2024-12-06,https://www.kinopoisk.ru/film/1183582/,нет,Холоп,,2019,да,5,575828
2024-11-30,https://www.kinopoisk.ru/film/4860213/,нет,Субстанция,The Substance,2024,да,7,933260
2024-11-25,https://www.kinopoisk.ru/film/6303/,нет,Хищник,Predator,1987,да,7,106
2024-11-23,https://www.kinopoisk.ru/film/410/,нет,Донни Дарко,Donnie Darko,2001,да,7,141
2024-11-22,https://www.kinopoisk.ru/film/3935/,нет,Чужой 4: Воскрешение,Alien Resurrection,1997,да,6,8078
2024-11-18,https://www.kinopoisk.ru/film/2286/,нет,Чужой 3,Alien³,1992,да,6,8077
2024-11-18,https://www.kinopoisk.ru/film/406/,нет,Чужие,Aliens,1986,да,8,679
2024-11-15,https://www.kinopoisk.ru/film/255379/,нет,Очень страшное кино 5,Scary Movie 5,2013,да,4,4258
2024-11-15,https://www.kinopoisk.ru/film/32655/,нет,Очень страшное кино 4,Scary Movie 4,2006,да,6,4257
2024-11-15,https://www.kinopoisk.ru/film/5002/,нет,Очень страшное кино 3,Scary Movie 3,2003,да,6,4256
2024-11-15,https://www.kinopoisk.ru/film/5931/,нет,Очень страшное кино 2,Scary Movie 2,2001,да,5,4248
2024-11-15,https://www.kinopoisk.ru/film/3784/,нет,Крик 2,Scream 2,1997,да,6,4233
2024-11-14,https://www.kinopoisk.ru/film/1807/,нет,Крик,Scream,1996,да,7,4232
2024-11-10,https://www.kinopoisk.ru/film/386/,нет,Чужой,Alien,1979,да,8,348
2024-11-10,https://www.kinopoisk.ru/film/195524/,нет,Я – легенда,I Am Legend,2007,да,8,6479
2024-11-10,https://www.kinopoisk.ru/film/5932/,нет,Очень страшное кино,Scary Movie,2000,да,8,4247
2024-11-10,https://www.kinopoisk.ru/film/4807/,нет,"Не грози Южному Централу, попивая сок у себя в квартале",Don't Be a Menace to South Central While Drinking Your Juice in the Hood,1995,да,6,10607
2024-11-08,https://www.kinopoisk.ru/film/171728/,нет,Пираньи 3D,Piranha 3D,2010,да,6,43593
2024-11-06,https://www.kinopoisk.ru/film/1245501/,нет,По наклонной,Cherry,2020,да,7,544401
2024-11-06,https://www.kinopoisk.ru/film/356/,нет,В джазе только девушки,Some Like It Hot,1959,да,8,239
2024-11-03,https://www.kinopoisk.ru/film/49869/,нет,Интерстелла 5555: История секретной звездной системы,Interstella 5555: The 5tory of the 5ecret 5tar 5ystem,2003,да,8,11049
2024-11-02,https://www.kinopoisk.ru/film/627/,нет,Изгой,Cast Away,2000,да,8,8358
2024-10-27,https://www.kinopoisk.ru/film/1421546/,нет,Борат 2,Borat: Gift of Pornographic Monkey to Vice Premiere Mikhael Pence to Make Benefit Recently Diminished Nation of Kazakhstan,2020,да,7,740985
2024-10-25,https://www.kinopoisk.ru/film/1328346/,нет,Джокер: Безумие на двоих,Joker: Folie à Deux,2024,да,6,889737
2024-10-25,https://www.kinopoisk.ru/film/1048334/,нет,Джокер,Joker,2019,да,7,475557
2024-10-25,https://www.kinopoisk.ru/film/5411536/,нет,Ужасающий 3,Terrifier 3,2024,да,5,1034541
2024-09-30,https://www.kinopoisk.ru/film/4917/,нет,Святые из Бундока,The Boondock Saints,1999,да,7,8374
2024-09-23,https://www.kinopoisk.ru/film/910353/,нет,Выстрел в пустоту,Shot Caller,2015,да,7,339692
2024-08-29,https://www.kinopoisk.ru/film/1316601/,да,Дом Дракона,House of the Dragon,2022,да,8,94997
2024-07-26,https://www.kinopoisk.ru/film/47386/,нет,Объединённая зона безопасности,Gongdonggyeongbiguyeok JSA,2000,да,8,2440
2024-07-22,https://www.kinopoisk.ru/film/518037/,нет,Невозможное,Lo imposible,2012,да,7,80278
2024-07-21,https://www.kinopoisk.ru/film/681831/,да,Настоящий детектив,True Detective,2014,да,8,46648
2024-07-21,https://www.kinopoisk.ru/film/93377/,нет,Типа крутые легавые,Hot Fuzz,2007,да,7,4638
2024-07-16,https://www.kinopoisk.ru/film/1395809/,нет,Выжившие. Бетонная утопия,Konkeuriteu yutopia,2023,да,7,729854
2024-07-11,https://www.kinopoisk.ru/film/255611/,нет,Искупление,Atonement,2007,да,7,4347
2024-07-11,https://www.kinopoisk.ru/film/1294123/,нет,Матрица: Воскрешение,The Matrix Resurrections,2021,да,6,624860
2024-07-11,https://www.kinopoisk.ru/film/464484/,нет,Облачный атлас,Cloud Atlas,2012,да,8,83542
2024-07-10,https://www.kinopoisk.ru/film/5884949/,да,Хаяо Миядзаки: Экстра,,2018,да,8,
2024-07-04,https://www.kinopoisk.ru/film/675211/,да,Вечерний Ургант,,2012,да,8,46010
2024-07-04,https://www.kinopoisk.ru/film/1071383/,нет,Мальчик и птица,Kimitachi wa Dou Ikiru ka,2023,да,7,508883
2024-07-03,https://www.kinopoisk.ru/film/4384109/,нет,Белая птица: Новое чудо,White Bird,2023,да,7,779816
2024-07-02,https://www.kinopoisk.ru/film/281040/,нет,Повелитель бури,The Hurt Locker,2008,да,7,12162
2024-07-02,https://www.kinopoisk.ru/film/101711/,нет,16 кварталов,16 Blocks,2006,да,7,2207
2024-06-30,https://www.kinopoisk.ru/film/958442/,нет,Ветреная река,Wind River,2016,да,7,395834
2024-06-30,https://www.kinopoisk.ru/film/14288/,нет,Васаби,Wasabi,2001,да,7,2110
2024-06-28,https://www.kinopoisk.ru/film/389/,нет,Леон,Léon,1994,да,7,101
2024-06-27,https://www.kinopoisk.ru/film/47382/,нет,Пиджак,The Jacket,2004,да,7,9667
2024-06-26,https://www.kinopoisk.ru/film/4968810/,нет,Падение империи,Civil War,2023,да,7,929590
2024-06-26,https://www.kinopoisk.ru/film/4967684/,нет,Материнский инстинкт,Mothers' Instinct,2024,да,7,758679
2024-06-26,https://www.kinopoisk.ru/film/86326/,нет,Счастливое число Слевина,Lucky Number Slevin,2005,да,7,186
2024-06-24,https://www.kinopoisk.ru/film/843831/,нет,Сноуден,Snowden,2016,да,6,302401
2024-06-23,https://www.kinopoisk.ru/film/577255/,нет,Золото,Gold,2016,да,7,334524
2024-06-22,https://www.kinopoisk.ru/film/965754/,нет,Дело храбрых,Only the Brave,2017,да,8,395991
2024-06-22,https://www.kinopoisk.ru/film/723/,нет,Планета Ка-Пэкс,K-PAX,2001,да,7,167
2024-06-22,https://www.kinopoisk.ru/film/1402937/,нет,"Артур, ты король",Arthur the King,2024,да,7,618588
2024-06-21,https://www.kinopoisk.ru/film/666951/,нет,Голгофа,Calvary,2013,да,7,157832
2024-06-20,https://www.kinopoisk.ru/film/635772/,нет,Игра в имитацию,The Imitation Game,2014,да,7,205596
2024-06-20,https://www.kinopoisk.ru/film/81691/,нет,Адамовы яблоки,Adams æbler,2005,да,7,1023
2024-06-19,https://www.kinopoisk.ru/film/557837/,нет,Резня,Carnage,2011,да,7,72113
2024-06-19,https://www.kinopoisk.ru/film/4991138/,нет,Меч короля,Bastarden,2023,да,7,980026
2024-06-17,https://www.kinopoisk.ru/film/5105855/,нет,Одна жизнь,One Life,2023,да,8,760774
2024-06-16,https://www.kinopoisk.ru/film/5304408/,нет,Марс Экспресс,Mars Express,2023,да,7,586810
2024-05-25,https://www.kinopoisk.ru/film/4414587/,нет,Министерство неджентльменских дел,The Ministry of Ungentlemanly Warfare,2024,да,7,799583
2024-05-12,https://www.kinopoisk.ru/film/1346482/,нет,Прошлые жизни,Past Lives,2023,да,7,666277
2024-04-14,https://www.kinopoisk.ru/film/1394131/,да,Fallout,Fallout,2024,да,8,106379
2024-03-31,https://www.kinopoisk.ru/film/1108577/,нет,Зеленая книга,Green Book,2018,да,7,490132
2024-03-31,https://www.kinopoisk.ru/film/1045245/,нет,Опасный элемент,Radioactive,2019,да,6,480857
2024-03-30,https://www.kinopoisk.ru/film/577488/,нет,Она,Her,2013,да,8,152601
2024-03-28,https://www.kinopoisk.ru/film/859908/,да,Мистер Робот,Mr. Robot,2015,да,8,62560
2024-03-26,https://www.kinopoisk.ru/film/692861/,нет,Исчезнувшая,Gone Girl,2014,да,8,210577
2024-03-20,https://www.kinopoisk.ru/film/4922904/,нет,Солтберн,Saltburn,2023,да,7,930564
2024-03-19,https://www.kinopoisk.ru/film/1171976/,нет,1917,1917,2019,да,7,530915
2024-03-19,https://www.kinopoisk.ru/film/253761/,нет,Братья,Brothers,2009,да,6,7445
2024-03-18,https://www.kinopoisk.ru/film/7854/,нет,Возвращение кота,Neko no ongaeshi,2002,да,7,15370
2024-03-17,https://www.kinopoisk.ru/film/4860001/,нет,Мистер Блейк к вашим услугам,Complètement cramé,2023,да,7,792614
2024-03-15,https://www.kinopoisk.ru/film/722951/,нет,Чудо,Wonder,2017,да,7,406997
2024-03-14,https://www.kinopoisk.ru/film/1289785/,нет,Мавританец,The Mauritanian,2020,да,7,644583
2024-03-14,https://www.kinopoisk.ru/film/5005446/,нет,Стальная хватка,The Iron Claw,2023,да,7,850165
2024-03-13,https://www.kinopoisk.ru/film/81584/,нет,Босиком по мостовой,Barfuss,2005,да,7,6183
2024-03-12,https://www.kinopoisk.ru/film/841152/,нет,Славные парни,The Nice Guys,2016,да,6,290250
2024-03-11,https://www.kinopoisk.ru/film/5283168/,нет,Идеальные дни,Perfect Days,2023,да,7,976893
2024-03-08,https://www.kinopoisk.ru/film/276598/,нет,Драйв,Drive,2011,да,7,64690
2024-03-06,https://www.kinopoisk.ru/film/47814/,нет,"Весна, лето, осень, зима... и снова весна",Bom yeoreum gaeul gyeoul geurigo bom,2003,да,7,113
2024-02-25,https://www.kinopoisk.ru/film/77647/,нет,Горбатая гора,Brokeback Mountain,2005,да,7,142
2024-02-25,https://www.kinopoisk.ru/film/749540/,нет,Kingsman: Секретная служба,Kingsman: The Secret Service,2015,да,6,207703
2024-02-25,https://www.kinopoisk.ru/film/8827/,нет,Легенды осени,Legends of the Fall,1994,да,8,4476
2024-02-23,https://www.kinopoisk.ru/film/81873/,нет,Иллюзия полета,Flightplan,2005,да,7,9315
2024-02-13,https://www.kinopoisk.ru/film/606646/,нет,12 лет рабства,12 Years a Slave,2013,да,7,76203
2024-02-13,https://www.kinopoisk.ru/film/5304403/,да,Слово пацана. Кровь на асфальте,,2023,да,6,234763
2024-02-12,https://www.kinopoisk.ru/film/467293/,нет,Грязь,Filth,2013,да,7,85889
2024-02-10,https://www.kinopoisk.ru/film/610/,нет,Билли Эллиот,Billy Elliot,2000,да,7,71
2024-02-08,https://www.kinopoisk.ru/film/462938/,нет,Мой парень – псих,Silver Linings Playbook,2012,да,7,82693
2024-02-07,https://www.kinopoisk.ru/film/880/,нет,Чего хотят женщины,What Women Want,2000,да,7,3981
2024-02-06,https://www.kinopoisk.ru/film/160977/,нет,Апокалипсис,Apocalypto,2006,да,7,1579
2024-01-29,https://www.kinopoisk.ru/film/939411/,нет,Мотылёк,Papillon,2017,да,7,433498
2024-01-28,https://www.kinopoisk.ru/film/1134493/,нет,Звук свободы,Sound of Freedom,2023,да,7,678512
2024-01-26,https://www.kinopoisk.ru/film/716595/,нет,Шеф Адам Джонс,Burnt,2015,да,7,295964
2024-01-17,https://www.kinopoisk.ru/film/44168/,нет,Девчата,,1961,да,7,20975
2024-01-17,https://www.kinopoisk.ru/film/462606/,нет,Области тьмы,Limitless,2011,да,7,51876
2024-01-17,https://www.kinopoisk.ru/film/839954/,нет,Легенда,Legend,2015,да,7,276907
2024-01-17,https://www.kinopoisk.ru/film/252107/,нет,"Кто Вы, мистер Брукс?",Mr. Brooks,2007,да,7,3432
2024-01-15,https://www.kinopoisk.ru/film/1188529/,нет,Достать ножи,Knives Out,2019,да,7,546554
2024-01-15,https://www.kinopoisk.ru/film/4304/,нет,Тайное окно,Secret Window,2004,да,6,1586
2024-01-12,https://www.kinopoisk.ru/film/681849/,нет,Лучшее предложение,La migliore offerta,2012,да,8,152742
2024-01-11,https://www.kinopoisk.ru/film/406408/,нет,Законопослушный гражданин,Law Abiding Citizen,2009,да,6,22803
2024-01-11,https://www.kinopoisk.ru/film/535341/,нет,1+1,Intouchables,2011,да,7,77338
2024-01-11,https://www.kinopoisk.ru/film/682468/,да,Ганнибал,Hannibal,2013,да,8,40008
2023-12-19,https://www.kinopoisk.ru/film/664/,нет,Семьянин,The Family Man,2000,да,7,5994
2023-12-18,https://www.kinopoisk.ru/film/79429/,да,Мастер и Маргарита,,2005,да,7,6395
2023-12-13,https://www.kinopoisk.ru/film/32898/,нет,Достучаться до небес,Knockin' on Heaven's Door,1997,да,7,158
2023-12-10,https://www.kinopoisk.ru/film/391277/,нет,Потрошители,Repo Men,2009,да,4,31867
2023-12-10,https://www.kinopoisk.ru/film/279102/,нет,ВАЛЛ·И,WALL·E,2008,да,9,10681
2023-12-10,https://www.kinopoisk.ru/film/75871/,нет,Олдбой,Oldeuboi,2003,да,7,670
2023-12-10,https://www.kinopoisk.ru/film/663715/,нет,Голодные игры: Сойка-пересмешница. Часть II,The Hunger Games: Mockingjay - Part 2,2015,да,7,131634
2023-12-10,https://www.kinopoisk.ru/film/661911/,нет,Голодные игры: Сойка-пересмешница. Часть I,The Hunger Games: Mockingjay - Part 1,2014,да,6,131631
2023-12-10,https://www.kinopoisk.ru/film/602373/,нет,Голодные игры: И вспыхнет пламя,The Hunger Games: Catching Fire,2013,да,7,101299
2023-12-09,https://www.kinopoisk.ru/film/468581/,нет,Голодные игры,The Hunger Games,2012,да,7,70160
2023-12-05,https://www.kinopoisk.ru/film/1109271/,нет,Майор Гром: Чумной Доктор,,2021,да,5,529106
2023-12-05,https://www.kinopoisk.ru/film/804728/,да,Последний человек на Земле,The Last Man on Earth,2015,да,6,61888
2023-12-05,https://www.kinopoisk.ru/film/329/,нет,Список Шиндлера,Schindler's List,1993,да,9,424
2023-11-27,https://www.kinopoisk.ru/film/195434/,нет,Старикам тут не место,No Country for Old Men,2007,да,8,6977
2023-11-12,https://www.kinopoisk.ru/film/77042/,да,Секс в большом городе,Sex and the City,1998,да,8,105
2023-11-11,https://www.kinopoisk.ru/film/1228254/,да,Любовь. Смерть. Роботы,"Love, Death & Robots",2019,да,9,86831
2023-11-04,https://www.kinopoisk.ru/film/12340/,нет,Чужие среди нас,They Live,1988,да,6,8337
2023-11-04,https://www.kinopoisk.ru/film/5198/,нет,Кошмар на улице Вязов,A Nightmare on Elm Street,1984,да,7,377
2023-10-31,https://www.kinopoisk.ru/film/4664634/,нет,Оппенгеймер,Oppenheimer,2023,да,8,872585
2023-10-31,https://www.kinopoisk.ru/film/64021/,нет,Зомби по имени Шон,Shaun of the Dead,2004,да,6,747
2023-10-31,https://www.kinopoisk.ru/film/577/,нет,28 дней спустя,28 Days Later...,2002,да,8,170
2023-10-31,https://www.kinopoisk.ru/film/345/,нет,Молчание ягнят,The Silence of the Lambs,1990,да,7,274
2023-10-21,https://www.kinopoisk.ru/film/506444/,нет,Путешествие Гектора в поисках счастья,Hector and the Search for Happiness,2014,да,7,254375
2023-10-18,https://www.kinopoisk.ru/film/1297211/,нет,Чрезвычайная ситуация,Bisangseoneon,2021,да,5,626872
2023-10-18,https://www.kinopoisk.ru/film/437040/,нет,Доброе утро,Morning Glory,2010,да,7,38357
2023-10-18,https://www.kinopoisk.ru/film/309475/,нет,Операция «Валькирия»,Valkyrie,2008,да,7,2253
2023-10-18,https://www.kinopoisk.ru/film/463464/,нет,Афера под прикрытием,The Infiltrator,2016,да,6,325789
2023-10-18,https://www.kinopoisk.ru/film/834394/,нет,В центре внимания,Spotlight,2015,да,7,314365
2023-08-31,https://www.kinopoisk.ru/film/693969/,нет,Ветер крепчает,Kaze tachinu,2013,да,8,149870
2023-08-31,https://www.kinopoisk.ru/film/8229/,нет,Порко Россо,Kurenai no buta,1992,да,7,11621
2023-08-31,https://www.kinopoisk.ru/film/1846/,нет,Небесный замок Лапута,Tenkuu no Shiro Laputa,1986,да,8,10515
2023-08-31,https://www.kinopoisk.ru/film/261127/,нет,Рыбка Поньо на утесе,Gake no ue no Ponyo,2008,да,7,12429
2023-08-31,https://www.kinopoisk.ru/film/8240/,нет,Навсикая из долины ветров,Kaze no tani no Naushika,1984,да,9,81
2023-08-29,https://www.kinopoisk.ru/film/441/,нет,Принцесса Мононоке,Mononoke-hime,1997,да,8,128
2023-08-15,https://www.kinopoisk.ru/film/1121377/,нет,100 вещей и ничего лишнего,100 Dinge,2018,да,7,546630
2023-07-12,https://www.kinopoisk.ru/film/3795/,нет,Сладкий ноябрь,Sweet November,2001,да,6,1921
2023-07-07,https://www.kinopoisk.ru/film/1044045/,нет,Власть,Vice,2018,да,7,429197
2023-07-05,https://www.kinopoisk.ru/film/927898/,нет,Переводчик,The Covenant,2022,да,6,882569
2023-06-13,https://www.kinopoisk.ru/film/574726/,нет,Со склонов Кокурико,Kokuriko-zaka kara,2011,да,7,83389
2023-06-01,https://www.kinopoisk.ru/film/8221/,нет,Мой сосед Тоторо,Tonari no Totoro,1988,да,8,8392
2023-05-27,https://www.kinopoisk.ru/film/370/,нет,Унесённые призраками,Sen to Chihiro no kamikakushi,2001,да,8,129
2023-05-27,https://www.kinopoisk.ru/film/49684/,нет,Ходячий замок,Howl no Ugoku Shiro,2004,да,8,4935
2023-04-28,https://www.kinopoisk.ru/film/462515/,нет,Жизнь прекрасна,50/50,2011,да,7,40807
2023-04-20,https://www.kinopoisk.ru/film/1227997/,нет,Мира,,2022,да,7,864101
2023-04-11,https://www.kinopoisk.ru/film/432791/,нет,"Человек, который изменил всё",Moneyball,2011,да,7,60308
2023-04-10,https://www.kinopoisk.ru/film/837552/,нет,Сделано в Америке,American Made,2017,да,7,337170
2023-04-09,https://www.kinopoisk.ru/film/1267348/,нет,Джон Уик 4,John Wick: Chapter 4,2023,да,7,603692
2023-04-07,https://www.kinopoisk.ru/film/1009536/,нет,Джон Уик 3,John Wick: Chapter 3 - Parabellum,2019,да,7,458156
2023-04-07,https://www.kinopoisk.ru/film/885658/,нет,Джон Уик 2,John Wick: Chapter Two,2017,да,7,324552
2023-04-05,https://www.kinopoisk.ru/film/762738/,нет,Джон Уик,John Wick,2014,да,6,245891
2023-03-30,https://www.kinopoisk.ru/film/1338502/,нет,Крушение,Plane,2022,да,6,646389
2023-03-30,https://www.kinopoisk.ru/film/485311/,нет,Король говорит!,The King's Speech,2010,да,8,45269
2023-03-29,https://www.kinopoisk.ru/film/1405508/,нет,Операция Фортуна: Искусство побеждать,Operation Fortune: Ruse de Guerre,2022,да,6,739405
2023-03-01,https://www.kinopoisk.ru/film/839458/,да,Одни из нас,The Last of Us,2023,да,9,100088
2023-03-01,https://www.kinopoisk.ru/film/596208/,нет,Хоть раз в жизни,Begin again,2013,да,6,198277
2023-02-26,https://www.kinopoisk.ru/film/649917/,нет,По соображениям совести,Hacksaw Ridge,2016,да,7,324786
2023-02-19,https://www.kinopoisk.ru/film/448/,нет,Форрест Гамп,Forrest Gump,1994,да,8,13
2023-02-18,https://www.kinopoisk.ru/film/463694/,нет,Землетрясение,Tangshan da dizhen,2010,да,8,44560
2023-02-15,https://www.kinopoisk.ru/film/104927/,нет,Отпуск по обмену,The Holiday,2006,да,7,1581
2023-02-04,https://www.kinopoisk.ru/film/575180/,нет,Пираты Карибского моря: Мертвецы не рассказывают сказки,Pirates of the Caribbean: Dead Men Tell No Tales,2017,да,7,166426
2023-02-01,https://www.kinopoisk.ru/film/4370148/,нет,Чебурашка,,2022,да,6,751171
2023-01-28,https://www.kinopoisk.ru/film/4374/,нет,Пираты Карибского моря: Проклятие Черной жемчужины,Pirates of the Caribbean: The Curse of the Black Pearl,2003,да,7,22
2023-01-24,https://www.kinopoisk.ru/film/355/,нет,Пианист,The Pianist,2002,да,8,423
2023-01-23,https://www.kinopoisk.ru/film/4606/,нет,Без лица,Face/Off,1997,да,7,754
2023-01-14,https://www.kinopoisk.ru/film/1262160/,нет,Отец,The Father,2020,да,7,600354
2023-01-14,https://www.kinopoisk.ru/film/435/,нет,Зеленая миля,The Green Mile,1999,да,8,497
2023-01-13,https://www.kinopoisk.ru/film/526/,нет,Большой куш,Snatch,2000,да,7,107
2023-01-13,https://www.kinopoisk.ru/film/397667/,нет,Остров проклятых,Shutter Island,2009,да,7,11324
2023-01-13,https://www.kinopoisk.ru/film/342/,нет,Криминальное чтиво,Pulp Fiction,1994,да,8,680
2023-01-13,https://www.kinopoisk.ru/film/258687/,нет,Интерстеллар,Interstellar,2014,да,8,157336
2023-01-13,https://www.kinopoisk.ru/film/679486/,нет,Тайна Коко,Coco,2017,да,7,354912
2023-01-13,https://www.kinopoisk.ru/film/5059/,нет,"Знакомьтесь, Джо Блэк",Meet Joe Black,1998,да,7,297
2023-01-12,https://www.kinopoisk.ru/film/1008113/,нет,Таксист,Taeksi unjeonsa,2017,да,8,437068
2023-01-12,https://www.kinopoisk.ru/film/761933/,нет,Я – начало,I Origins,2014,да,7,244267
2023-01-11,https://www.kinopoisk.ru/film/527/,нет,День сурка,Groundhog Day,1993,да,8,137
2023-01-11,https://www.kinopoisk.ru/film/519/,нет,Человек дождя,Rain Man,1988,да,7,380
2023-01-10,https://www.kinopoisk.ru/film/1254133/,да,Мейр из Исттауна,Mare of Easttown,2021,да,8,115004
2023-01-10,https://www.kinopoisk.ru/film/808639/,нет,Дурак,,2014,да,8,285700
2023-01-08,https://www.kinopoisk.ru/film/361/,нет,Бойцовский клуб,Fight Club,1999,да,7,550
2023-01-08,https://www.kinopoisk.ru/film/89514/,нет,Рататуй,Ratatouille,2007,да,8,2062
2023-01-07,https://www.kinopoisk.ru/film/1043758/,нет,Паразиты,Gisaengchung,2019,да,9,496243
2023-01-07,https://www.kinopoisk.ru/film/1348487/,нет,Треугольник печали,Triangle of Sadness,2022,да,8,497828
2023-01-05,https://www.kinopoisk.ru/film/1449368/,нет,Дом Gucci,House of Gucci,2021,да,7,644495
2023-01-05,https://www.kinopoisk.ru/film/1209527/,нет,Три тысячи лет желаний,Three Thousand Years of Longing,2022,да,7,556694
2023-01-02,https://www.kinopoisk.ru/film/1263705/,нет,Еще по одной,Druk,2020,да,7,580175
2023-01-02,https://www.kinopoisk.ru/film/959606/,нет,Работа без авторства,Werk ohne Autor,2018,да,8,423612
2023-01-02,https://www.kinopoisk.ru/film/407636/,нет,Гарри Поттер и Дары Смерти: Часть II,Harry Potter and the Deathly Hallows - Part 2,2011,да,8,12445
2023-01-02,https://www.kinopoisk.ru/film/689/,нет,Гарри Поттер и философский камень,Harry Potter and the Sorcerer's Stone,2001,да,8,671
2023-01-02,https://www.kinopoisk.ru/film/4771048/,нет,Гром: Трудное детство,,2023,да,7,984317
2023-01-02,https://www.kinopoisk.ru/film/276762/,нет,Гарри Поттер и Дары Смерти: Часть I,Harry Potter and the Deathly Hallows - Part 1,2010,да,7,12444
2023-01-01,https://www.kinopoisk.ru/film/89515/,нет,Гарри Поттер и Принц-полукровка,Harry Potter and the Half-Blood Prince,2009,да,8,767
2022-12-31,https://www.kinopoisk.ru/film/48356/,нет,Гарри Поттер и Орден Феникса,Harry Potter and the Order of the Phoenix,2007,да,7,675
2022-12-31,https://www.kinopoisk.ru/film/8408/,нет,Гарри Поттер и Кубок огня,Harry Potter and the Goblet of Fire,2005,да,7,674
2022-12-30,https://www.kinopoisk.ru/film/322/,нет,Гарри Поттер и узник Азкабана,Harry Potter and the Prisoner of Azkaban,2004,да,8,673
2022-12-27,https://www.kinopoisk.ru/film/341/,нет,Амели,Le Fabuleux destin d'Amélie Poulain,2001,да,7,194
2022-12-27,https://www.kinopoisk.ru/film/6144/,нет,Реальная любовь,Love Actually,2003,да,6,508
2022-12-24,https://www.kinopoisk.ru/film/4541/,нет,Шоу Трумана,The Truman Show,1998,да,8,37165
2022-12-24,https://www.kinopoisk.ru/film/395/,нет,Шестое чувство,The Sixth Sense,1999,да,8,745
2022-08-04,https://www.kinopoisk.ru/film/5492/,нет,Вечное сияние чистого разума,Eternal Sunshine of the Spotless Mind,2004,да,8,38
2022-07-31,https://www.kinopoisk.ru/film/5012/,нет,Гаттака,Gattaca,1997,да,8,782
2022-06-28,https://www.kinopoisk.ru/film/1950/,нет,Контакт,Contact,1997,да,7,686
2022-06-23,https://www.kinopoisk.ru/film/1322324/,нет,Всё везде и сразу,Everything Everywhere All at Once,2021,да,8,545611
2022-06-19,https://www.kinopoisk.ru/film/104992/,нет,Дьявол носит Prada,The Devil Wears Prada,2006,да,8,350
2022-06-18,https://www.kinopoisk.ru/film/7643/,нет,Матильда,Matilda,1996,да,7,10830
2022-04-24,https://www.kinopoisk.ru/film/461939/,нет,Линкольн для адвоката,The Lincoln Lawyer,2011,да,7,50348
2022-04-23,https://www.kinopoisk.ru/film/989469/,нет,Путь к сердцу,Inner Workings,2016,да,7,406785
2022-04-22,https://www.kinopoisk.ru/film/47015/,нет,Убить Билла 2,Kill Bill: Vol. 2,2004,да,8,393
2022-04-21,https://www.kinopoisk.ru/film/2717/,нет,Убить Билла,Kill Bill: Vol. 1,2003,да,9,24
2022-04-17,https://www.kinopoisk.ru/film/395787/,нет,Семь жизней,Seven Pounds,2008,да,8,11321
2022-04-16,https://www.kinopoisk.ru/film/1048602/,да,Новый Папа,The New Pope,2020,да,7,88408
2022-04-16,https://www.kinopoisk.ru/film/760815/,нет,Стрингер,Nightcrawler,2013,да,7,242582
2022-04-09,https://www.kinopoisk.ru/film/7908/,нет,В поисках Немо,Finding Nemo,2003,да,9,12
2022-04-09,https://www.kinopoisk.ru/film/906042/,нет,Приключения Паддингтона 2,Paddington 2,2017,да,7,346648
2022-04-09,https://www.kinopoisk.ru/film/280172/,нет,Как приручить дракона,How to Train Your Dragon,2010,да,6,10191
2022-04-09,https://www.kinopoisk.ru/film/126196/,нет,Жизнь других,Das Leben der Anderen,2006,да,7,582
2022-04-09,https://www.kinopoisk.ru/film/571335/,да,Бесстыжие,Shameless,2011,да,8,34307
2022-04-05,https://www.kinopoisk.ru/film/251735/,нет,Опустевший город,Reign Over Me,2007,да,8,2355
2022-04-05,https://www.kinopoisk.ru/film/842493/,нет,Разрушение,Demolition,2015,да,7,303991
2022-04-04,https://www.kinopoisk.ru/film/568289/,нет,Богемская рапсодия,Bohemian Rhapsody,2018,да,8,424694
2022-04-04,https://www.kinopoisk.ru/film/893245/,нет,Основатель,The Founder,2016,да,6,310307
2022-04-04,https://www.kinopoisk.ru/film/1142541/,да,Атака титанов: Потерянные девушки,Shingeki no Kyojin: Lost Girls,2017,да,8,
2022-04-04,https://www.kinopoisk.ru/film/749374/,да,Атака титанов,Shingeki no kyojin,2013,да,9,1429
2022-04-03,https://www.kinopoisk.ru/film/522941/,нет,Выживший,The Revenant,2015,да,8,281957
2022-04-03,https://www.kinopoisk.ru/film/893361/,да,Молодой Папа,The Young Pope,2016,да,7,62699
2022-04-01,https://www.kinopoisk.ru/film/260162/,нет,Далласский клуб покупателей,Dallas Buyers Club,2013,да,7,152532
2022-03-30,https://www.kinopoisk.ru/film/324/,нет,"Поймай меня, если сможешь",Catch Me If You Can,2002,да,8,640
2022-02-26,https://www.kinopoisk.ru/film/1368311/,нет,Черный ящик,Boîte noire,2020,да,6,663260
2022-01-02,https://www.kinopoisk.ru/film/409424/,нет,Дюна,Dune: Part One,2021,да,8,438631
2021-12-26,https://www.kinopoisk.ru/film/1309570/,нет,Человек-паук: Нет пути домой,Spider-Man: No Way Home,2021,да,8,634649
2021-12-22,https://www.kinopoisk.ru/film/82441/,нет,Человек-паук 3: Враг в отражении,Spider-Man 3,2007,да,7,559
2021-04-30,https://www.kinopoisk.ru/film/823594/,да,Вечность,Forever,2014,да,7,60726
2021-04-27,https://www.kinopoisk.ru/film/1238506/,нет,Земля кочевников,Nomadland,2020,да,7,581734
2021-04-24,https://www.kinopoisk.ru/film/1138750/,да,Манифест,Manifest,2018,да,6,79696
2026-09-01,https://www.kinopoisk.ru/film/5506641/,нет,Очень страшное кино,Scary Movie,2026,да,,1273221
2026-08-15,https://www.kinopoisk.ru/film/1008408/,нет,Камуфляж и шпионаж,Spies in Disguise,2019,да,,431693
2026-08-11,https://www.kinopoisk.ru/film/81314/,нет,Отступники,The Departed,2006,да,,1422
2026-08-10,https://www.kinopoisk.ru/film/391/,нет,Заводной апельсин,A Clockwork Orange,1971,да,,185
2026-08-04,https://www.kinopoisk.ru/film/718222/,нет,Звёздные войны: Скайуокер. Восход,Star Wars: Episode IX - The Rise of Skywalker,2019,да,,181812
2026-08-04,https://www.kinopoisk.ru/film/718223/,нет,Звёздные войны: Последние джедаи,Star Wars: Episode VIII - The Last Jedi,2017,да,,181808
2026-08-04,https://www.kinopoisk.ru/film/714888/,нет,Звёздные войны: Пробуждение силы,Star Wars: Episode VII - The Force Awakens,2015,да,,140607
2026-08-04,https://www.kinopoisk.ru/film/447/,нет,Звёздные войны: Эпизод 6 – Возвращение Джедая,Star Wars: Episode VI - Return of the Jedi,1983,да,,1892
2026-08-04,https://www.kinopoisk.ru/film/338/,нет,Звёздные войны: Эпизод 5 – Империя наносит ответный удар,Star Wars: Episode V - The Empire Strikes Back,1980,да,,1891
2026-08-04,https://www.kinopoisk.ru/film/5619/,нет,Звёздные войны: Эпизод 3 – Месть ситхов,Star Wars: Episode III - Revenge of the Sith,2005,да,,1895
2026-08-04,https://www.kinopoisk.ru/film/844/,нет,Звёздные войны: Эпизод 2 – Атака клонов,Star Wars: Episode II - Attack of the Clones,2002,да,,1894
2026-08-04,https://www.kinopoisk.ru/film/6695/,нет,Звёздные войны: Эпизод 1 – Скрытая угроза,Star Wars: Episode I - The Phantom Menace,1999,да,,1893
2026-08-04,https://www.kinopoisk.ru/film/931677/,нет,Дюнкерк,Dunkirk,2017,да,,374720
2026-07-31,https://www.kinopoisk.ru/film/333/,нет,Звёздные войны: Эпизод 4 – Новая надежда,Star Wars,1977,да,,11
2026-07-30,https://www.kinopoisk.ru/film/1015471/,нет,Райя и последний дракон,Raya and the Last Dragon,2021,да,,527774
2026-07-30,https://www.kinopoisk.ru/film/706019/,нет,Не время умирать,No Time to Die,2020,да,,370172
2026-07-30,https://www.kinopoisk.ru/film/418/,нет,Цельнометаллическая оболочка,Full Metal Jacket,1987,да,,600
2026-07-21,https://www.kinopoisk.ru/film/5452841/,нет,Закулисье реальности,Backrooms,2026,да,,1083381
2026-07-09,https://www.kinopoisk.ru/film/5437614/,нет,Майкл,Michael,2026,да,,936075
2026-04-11,https://www.kinopoisk.ru/film/1382256/,нет,Проект Конец света,Project Hail Mary,2026,да,,687163
2026-03-28,https://www.kinopoisk.ru/film/273064/,нет,Доказательство смерти,Death Proof,2007,да,,1991
2026-03-25,https://www.kinopoisk.ru/film/81530/,нет,Матч поинт,Match Point,2005,да,,116
2026-03-21,https://www.kinopoisk.ru/film/841700/,нет,Марсианин,The Martian,2015,да,,286217
2026-03-20,https://www.kinopoisk.ru/film/7605773/,нет,Простая случайность,Yek tasadof-e sadeh,2025,да,,1456349
2026-03-18,https://www.kinopoisk.ru/film/61271/,нет,Загадочная кожа,Mysterious Skin,2004,да,,11171
2026-03-18,https://www.kinopoisk.ru/film/535243/,нет,Каскадёры,The Fall Guy,2024,да,,746036
2026-03-13,https://www.kinopoisk.ru/film/6871/,нет,Пляж,The Beach,2000,да,,1907
2026-03-13,https://www.kinopoisk.ru/film/979148/,нет,Назови меня своим именем,Call Me by Your Name,2017,да,,398818
2026-03-06,https://www.kinopoisk.ru/film/718811/,нет,Прибытие,Arrival,2016,да,,329865
2026-02-27,https://www.kinopoisk.ru/film/5454868/,нет,"Хамнет: История, вдохновившая Гамлета",Hamnet,2025,да,,858024
2026-02-23,https://www.kinopoisk.ru/film/5499518/,нет,Грешники,Sinners,2025,да,,1233413
2026-02-21,https://www.kinopoisk.ru/film/3608/,нет,С широко закрытыми глазами,Eyes Wide Shut,1999,да,,345
2026-02-19,https://www.kinopoisk.ru/film/1378893/,нет,Бугония,Bugonia,2025,да,,701387
2026-02-18,https://www.kinopoisk.ru/film/5368141/,нет,Солёная тропа,The Salt Path,2024,да,,1127625
2026-02-13,https://www.kinopoisk.ru/film/4825582/,нет,Одинокие волки,Wolfs,2024,да,,877817
2026-01-27,https://www.kinopoisk.ru/film/5268266/,нет,Возвращение в Сайлент Хилл,Return to Silent Hill,2025,да,,680493
2026-01-27,https://www.kinopoisk.ru/film/6750360/,нет,Горничная,The Housemaid,2025,да,,1368166
2026-01-26,https://www.kinopoisk.ru/film/6290547/,нет,Марти Великолепный,Marty Supreme,2025,да,,1317288
2026-01-26,https://www.kinopoisk.ru/film/5437094/,нет,Битва за битвой,One Battle After Another,2025,да,,1054867
2026-01-21,https://www.kinopoisk.ru/film/251733/,нет,Аватар,Avatar,2009,да,,19995
2026-01-21,https://www.kinopoisk.ru/film/570402/,нет,Аватар: Пламя и пепел,Avatar: Fire and Ash,2025,да,,83533
2026-01-19,https://www.kinopoisk.ru/film/1055194/,нет,Грейхаунд,Greyhound,2020,да,,516486
2026-01-14,https://www.kinopoisk.ru/film/1077781/,нет,Убийцы цветочной луны,Killers of the Flower Moon,2023,да,,466420
2026-01-13,https://www.kinopoisk.ru/film/5453231/,нет,Бухта Бэррона,Barron's Cove,2024,да,,1128546
2026-01-13,https://www.kinopoisk.ru/film/866/,нет,Неуязвимый,Unbreakable,2000,да,,9741
2026-01-12,https://www.kinopoisk.ru/film/6374/,нет,Авиатор,The Aviator,2004,да,,2567
2026-01-09,https://www.kinopoisk.ru/film/823616/,нет,Финч,Finch,2021,да,,522402
2026-01-08,https://www.kinopoisk.ru/film/9997408/,да,Жаркое соперничество,Heated Rivalry,2025,да,,301507
2026-01-08,https://www.kinopoisk.ru/film/915196/,да,Очень странные дела,Stranger Things,2016,да,,66732
2026-01-08,https://www.kinopoisk.ru/film/472/,нет,Индиана Джонс и последний крестовый поход,Indiana Jones and the Last Crusade,1989,да,,89
2026-01-06,https://www.kinopoisk.ru/film/6600202/,да,Друзья и соседи,Your Friends & Neighbors,2025,да,,241609
2026-01-06,https://www.kinopoisk.ru/film/7122/,нет,Индиана Джонс и Храм судьбы,Indiana Jones and the Temple of Doom,1984,да,,87
2026-01-05,https://www.kinopoisk.ru/film/5501397/,нет,Первый на Олимпе,,2025,да,,1273698
2026-01-05,https://www.kinopoisk.ru/film/339/,нет,Индиана Джонс: В поисках утраченного ковчега,Raiders of the Lost Ark,1981,да,,85
2026-01-04,https://www.kinopoisk.ru/film/1234808/,нет,Август,,2025,да,,586387
2025-12-12,https://www.kinopoisk.ru/film/5265603/,нет,Зверополис 2,Zootopia 2,2025,да,,1084242
2025-11-13,https://www.kinopoisk.ru/film/5069690/,нет,Земмельвейс,Semmelweis,2023,да,,1016683
2025-11-13,https://www.kinopoisk.ru/film/6605654/,да,Камбэк,,2025,да,,301669
2025-11-09,https://www.kinopoisk.ru/film/195615/,нет,Механик,The Mechanic,2010,да,,27582
2025-11-09,https://www.kinopoisk.ru/film/3447/,нет,Миссия: невыполнима 2,Mission: Impossible II,2000,да,,955
2025-11-04,https://www.kinopoisk.ru/film/3961/,нет,Миссия: невыполнима,Mission: Impossible,1996,да,,954
2025-11-02,https://www.kinopoisk.ru/film/5622/,нет,Сонная Лощина,Sleepy Hollow,1999,да,,2668
2025-10-31,https://www.kinopoisk.ru/film/311268/,нет,Никогда не сдавайся,Never Back Down,2008,да,,8456
2025-10-28,https://www.kinopoisk.ru/film/1289334/,нет,Голодные игры: Баллада о змеях и певчих птицах,The Hunger Games: The Ballad of Songbirds & Snakes,2023,да,,695721
2025-10-27,https://www.kinopoisk.ru/film/426053/,нет,Ранго,Rango,2011,да,,44896
2025-10-27,https://www.kinopoisk.ru/film/319/,нет,Терминатор 3: Восстание машин,Terminator 3: Rise of the Machines,2003,да,,296
2025-10-22,https://www.kinopoisk.ru/film/930534/,нет,Сплит,Split,2017,да,,381288
2025-10-18,https://www.kinopoisk.ru/film/444/,нет,Терминатор 2: Судный день,Terminator 2: Judgment Day,1991,да,,280
2025-10-18,https://www.kinopoisk.ru/film/507/,нет,Терминатор,The Terminator,1984,да,,218
2025-10-13,https://www.kinopoisk.ru/film/5212124/,нет,Собиратель душ,Longlegs,2023,да,,1226578
2025-10-12,https://www.kinopoisk.ru/film/450289/,нет,Машина времени в джакузи,Hot Tub Time Machine,2010,да,,23048
2025-10-08,https://www.kinopoisk.ru/film/505898/,нет,Аватар: Путь воды,Avatar: The Way of Water,2022,да,,76600
2025-10-05,https://www.kinopoisk.ru/film/2053/,нет,Послезавтра,The Day After Tomorrow,2004,да,,435
2025-10-05,https://www.kinopoisk.ru/film/49166/,нет,Коралина в Стране Кошмаров,Coraline,2008,да,,14836
2025-10-03,https://www.kinopoisk.ru/film/413447/,нет,2012,2012,2009,да,,14161
2025-10-02,https://www.kinopoisk.ru/film/180577/,нет,Девять,9,2009,да,,12244
2025-09-24,https://www.kinopoisk.ru/film/7103/,нет,Назад в будущее 3,Back to the Future Part III,1990,да,,196
2025-09-23,https://www.kinopoisk.ru/film/1290942/,нет,Долгая прогулка,The Long Walk,2025,да,,604079
2025-09-22,https://www.kinopoisk.ru/film/5502/,нет,Назад в будущее 2,Back to the Future Part II,1989,да,,165
2025-09-18,https://www.kinopoisk.ru/film/4965740/,нет,Тогда. Сейчас. Потом,Here,2024,да,,940139
2025-09-16,https://www.kinopoisk.ru/film/468940/,нет,Спасатели Малибу,Baywatch,2017,да,,339846
2025-09-16,https://www.kinopoisk.ru/film/476/,нет,Назад в будущее,Back to the Future,1985,да,,105
2025-09-16,https://www.kinopoisk.ru/film/409118/,нет,Храбрая сердцем,Brave,2012,да,,62177
2025-09-14,https://www.kinopoisk.ru/film/1933/,нет,Голый пистолет 33 1/3: Последний выпад,Naked Gun 33 1/3: The Final Insult,1994,да,,36593
2025-09-13,https://www.kinopoisk.ru/film/5277/,нет,Мулан,Mulan,1998,да,,10674
2025-09-11,https://www.kinopoisk.ru/film/309/,нет,Эквилибриум,Equilibrium,2002,да,,7299
2025-09-11,https://www.kinopoisk.ru/film/447301/,нет,Начало,Inception,2010,да,,27205
2025-09-10,https://www.kinopoisk.ru/film/7611/,нет,Дом из песка и тумана,House of Sand and Fog,2003,да,,11093
2025-09-09,https://www.kinopoisk.ru/film/264829/,нет,Встречное расследование,Contre-enquête,2007,да,,21946
2025-09-09,https://www.kinopoisk.ru/film/1047956/,нет,Девушка в тумане,La ragazza nella nebbia,2017,да,,468202
2025-09-08,https://www.kinopoisk.ru/film/2388/,нет,Голый пистолет 2 1/2: Запах страха,The Naked Gun 2½: The Smell of Fear,1991,да,,37137
2025-09-06,https://www.kinopoisk.ru/film/4067/,нет,Голый пистолет,The Naked Gun: From the Files of Police Squad!,1988,да,,37136
2025-09-05,https://www.kinopoisk.ru/film/573869/,нет,Большие глаза,Big Eyes,2014,да,,87093
2025-09-04,https://www.kinopoisk.ru/film/522876/,нет,Век Адалин,The Age of Adaline,2015,да,,293863
2025-09-04,https://www.kinopoisk.ru/film/49684/,нет,Ходячий замок,Howl no Ugoku Shiro,2004,да,,4935
2025-09-02,https://www.kinopoisk.ru/film/441/,нет,Принцесса Мононоке,Mononoke-hime,1997,да,,128
2025-08-28,https://www.kinopoisk.ru/film/5406956/,нет,Жизнь Чака,The Life of Chuck,2024,да,,842924
2025-08-28,https://www.kinopoisk.ru/film/1047492/,нет,Балерина,Ballerina,2025,да,,541671
2025-08-28,https://www.kinopoisk.ru/film/495518/,нет,Один день,One Day,2011,да,,51828
2025-08-28,https://www.kinopoisk.ru/film/580639/,нет,Слова,The Words,2012,да,,83686
2025-08-25,https://www.kinopoisk.ru/film/1846/,нет,Небесный замок Лапута,Tenkuu no Shiro Laputa,1986,да,,10515
2025-08-24,https://www.kinopoisk.ru/film/427198/,нет,Социальная сеть,The Social Network,2010,да,,37799
2025-08-23,https://www.kinopoisk.ru/film/8240/,нет,Навсикая из долины ветров,Kaze no tani no Naushika,1984,да,,81
2025-08-22,https://www.kinopoisk.ru/film/8224/,нет,Акира,Akira,1987,да,,149
2025-08-19,https://www.kinopoisk.ru/film/5446941/,нет,Материалистка,Materialists,2025,да,,1136867
2025-08-19,https://www.kinopoisk.ru/film/370/,нет,Унесённые призраками,Sen to Chihiro no kamikakushi,2001,да,,129
2025-08-18,https://www.kinopoisk.ru/film/1192848/,нет,Букашки 2,Minuscule 2: Les mandibules du bout du monde,2018,да,,513302
2025-08-17,https://www.kinopoisk.ru/film/708278/,нет,Букашки. Приключение в Долине муравьев,Minuscule: La vallée des fourmis perdues,2013,да,,140870
2025-08-10,https://www.kinopoisk.ru/film/584/,нет,Адаптация,Adaptation.,2002,да,,2757
2025-08-07,https://www.kinopoisk.ru/film/988782/,нет,Ральф против интернета,Ralph Breaks the Internet,2018,да,,404368
2025-08-05,https://www.kinopoisk.ru/film/824437/,нет,Меч короля Артура,King Arthur: Legend of the Sword,2017,да,,274857
2025-07-30,https://www.kinopoisk.ru/film/712/,нет,Бессонница,Insomnia,2002,да,,320
2025-07-29,https://www.kinopoisk.ru/film/586260/,нет,Ральф,Wreck-It Ralph,2012,да,,82690
2025-07-28,https://www.kinopoisk.ru/film/1990/,нет,На гребне волны,Point Break,1991,да,,1089
2025-07-27,https://www.kinopoisk.ru/film/325/,нет,Крестный отец,The Godfather,1972,да,,238
2025-07-26,https://www.kinopoisk.ru/film/4695/,нет,Лицо со шрамом,Scarface,1983,да,,111
2025-07-24,https://www.kinopoisk.ru/film/3793/,нет,Константин: Повелитель тьмы,Constantine,2005,да,,561
2025-07-21,https://www.kinopoisk.ru/film/5003510/,нет,F1,F1,2025,да,,911430
2025-07-21,https://www.kinopoisk.ru/film/42571/,нет,Иди и смотри,,1985,да,,25237
2025-07-20,https://www.kinopoisk.ru/film/947898/,нет,Проклятие Аннабель: Зарождение зла,Annabelle: Creation,2017,да,,396422
2025-07-20,https://www.kinopoisk.ru/film/808062/,нет,Проклятие Аннабель,Annabelle,2014,да,,250546
2025-07-19,https://www.kinopoisk.ru/film/842567/,нет,Босс-молокосос,The Boss Baby,2017,да,,295693
2025-07-09,https://www.kinopoisk.ru/film/5460719/,нет,Финикийская схема,The Phoenician Scheme,2025,да,,1137350
2025-07-09,https://www.kinopoisk.ru/film/546915/,нет,Тихоокеанский рубеж,Pacific Rim,2013,да,,68726
2025-07-08,https://www.kinopoisk.ru/film/405608/,нет,Мегамозг,Megamind,2010,да,,38055
2025-07-07,https://www.kinopoisk.ru/film/1254052/,нет,Проклятие монахини 2,The Nun II,2023,да,,968051
2025-07-06,https://www.kinopoisk.ru/film/1009142/,нет,Зверопой 2,Sing 2,2021,да,,438695
2025-07-06,https://www.kinopoisk.ru/film/821008/,нет,Зверопой,Sing,2016,да,,335797
2025-07-06,https://www.kinopoisk.ru/film/991225/,нет,Проклятие монахини,The Nun,2018,да,,439079
2025-07-04,https://www.kinopoisk.ru/film/474953/,нет,Шерлок Холмс: Игра теней,Sherlock Holmes: A Game of Shadows,2011,да,,58574
2025-07-04,https://www.kinopoisk.ru/film/1108494/,нет,Семья по-быстрому,Instant Family,2018,да,,491418
2025-07-01,https://www.kinopoisk.ru/film/420923/,нет,Шерлок Холмс,Sherlock Holmes,2009,да,,10528
2025-07-01,https://www.kinopoisk.ru/film/839650/,нет,Суперсемейка 2,Incredibles 2,2018,да,,260513
2025-07-01,https://www.kinopoisk.ru/film/38903/,нет,Суперсемейка,The Incredibles,2004,да,,9806
2025-05-24,https://www.kinopoisk.ru/film/195941/,нет,Супергеройское кино,Superhero Movie,2008,да,,11918
2025-05-18,https://www.kinopoisk.ru/film/231150/,нет,Большой Стэн,Big Stan,2007,да,,13161
2025-05-17,https://www.kinopoisk.ru/film/1392550/,нет,Быстрее пули,Bullet Train,2022,да,,718930
2025-05-16,https://www.kinopoisk.ru/film/759874/,нет,Ты водишь!,Tag,2018,да,,455980
2025-05-11,https://www.kinopoisk.ru/film/81472/,нет,Хеллбой II: Золотая армия,Hellboy II: The Golden Army,2008,да,,11253
2025-05-09,https://www.kinopoisk.ru/film/5052/,нет,Хеллбой: Герой из пекла,Hellboy,2004,да,,1487
2025-05-07,https://www.kinopoisk.ru/film/422792/,нет,Мадагаскар 3,Madagascar 3: Europe's Most Wanted,2012,да,,80321
2025-05-07,https://www.kinopoisk.ru/film/6006/,нет,Мадагаскар,Madagascar,2005,да,,953
2025-05-07,https://www.kinopoisk.ru/film/161066/,нет,Мадагаскар 2,Madagascar: Escape 2 Africa,2008,да,,10527
2025-05-05,https://www.kinopoisk.ru/film/517988/,нет,Время,In Time,2011,да,,49530
2025-05-03,https://www.kinopoisk.ru/film/693126/,нет,Город героев,Big Hero 6,2014,да,,177572
2025-05-02,https://www.kinopoisk.ru/film/520648/,нет,Пипец 2,Kick-Ass 2,2013,да,,59859
2025-04-30,https://www.kinopoisk.ru/film/419200/,нет,Пипец,Kick-Ass,2010,да,,23483
2025-04-28,https://www.kinopoisk.ru/film/105948/,нет,Скотт Пилигрим против всех,Scott Pilgrim vs. the World,2010,да,,22538
2025-04-26,https://www.kinopoisk.ru/film/507440/,нет,Проект X: Дорвались,Project X,2012,да,,57214
2025-04-19,https://www.kinopoisk.ru/film/651628/,нет,Пиксели,Pixels,2015,да,,257344
2025-04-15,https://www.kinopoisk.ru/film/278205/,нет,Убежище,Shelter,2007,да,,17483
2025-04-14,https://www.kinopoisk.ru/film/5457899/,нет,Дикий робот,The Wild Robot,2024,да,,1184918
2025-04-13,https://www.kinopoisk.ru/film/6206/,нет,Перевозчик,The Transporter,2002,да,,4108
2025-04-10,https://www.kinopoisk.ru/film/409208/,нет,Обитель зла 4: Жизнь после смерти 3D,Resident Evil: Afterlife,2010,да,,35791
2025-04-10,https://www.kinopoisk.ru/film/88172/,нет,Обитель зла 3,Resident Evil: Extinction,2007,да,,7737
2025-04-10,https://www.kinopoisk.ru/film/24186/,нет,Обитель зла 2: Апокалипсис,Resident Evil: Apocalypse,2004,да,,1577
2025-04-05,https://www.kinopoisk.ru/film/380/,нет,2001 год: Космическая одиссея,2001: A Space Odyssey,1968,да,,62
2025-04-04,https://www.kinopoisk.ru/film/758178/,нет,Семейка Крудс: Новоселье,The Croods: A New Age,2020,да,,529203
2025-04-04,https://www.kinopoisk.ru/film/198116/,нет,Семейка Крудс,The Croods,2013,да,,49519
2025-04-03,https://www.kinopoisk.ru/film/409/,нет,Сияние,The Shining,1980,да,,694
2025-04-03,https://www.kinopoisk.ru/film/465674/,нет,Рио,Rio,2011,да,,46195
2025-04-03,https://www.kinopoisk.ru/film/677437/,нет,Рио 2,Rio 2,2014,да,,172385
2025-03-29,https://www.kinopoisk.ru/film/432725/,нет,Муви 43,Movie 43,2013,да,,87818
2025-03-28,https://www.kinopoisk.ru/film/801/,нет,Обитель зла,Resident Evil,2002,да,,1576
2025-03-27,https://www.kinopoisk.ru/film/16955/,нет,Смертельное влечение,Heathers,1988,да,,2640
2025-03-27,https://www.kinopoisk.ru/film/775278/,нет,Энканто,Encanto,2021,да,,568124
2025-03-23,https://www.kinopoisk.ru/film/94436/,нет,Фатерлянд,Fatherland,1994,да,,11248
2025-03-12,https://www.kinopoisk.ru/film/555/,нет,Большой Лебовски,The Big Lebowski,1998,да,,115
2025-03-06,https://www.kinopoisk.ru/film/5405057/,нет,Анора,Anora,2024,да,,1064213
2025-03-05,https://www.kinopoisk.ru/film/757898/,нет,Воровка книг,The Book Thief,2013,да,,203833
2025-03-03,https://www.kinopoisk.ru/film/5105866/,нет,Настоящая боль,A Real Pain,2024,да,,1013850
2025-03-02,https://www.kinopoisk.ru/film/8151/,нет,Интервью с вампиром,Interview with the Vampire: The Vampire Chronicles,1994,да,,628
2025-02-28,https://www.kinopoisk.ru/film/1238292/,нет,Я краснею,Turning Red,2022,да,,508947
2025-02-27,https://www.kinopoisk.ru/film/775273/,нет,Душа,Soul,2020,да,,508442
2025-02-27,https://www.kinopoisk.ru/film/775276/,нет,Зверополис,Zootopia,2016,да,,269149
2025-02-27,https://www.kinopoisk.ru/film/396473/,нет,Гитлер капут!,,2008,да,,52891
2025-02-26,https://www.kinopoisk.ru/film/726838/,нет,Кролик Джоджо,Jojo Rabbit,2019,да,,515001
2025-02-25,https://www.kinopoisk.ru/film/281251/,нет,Мальчик в полосатой пижаме,The Boy in the Striped Pajamas,2008,да,,14574
2025-02-25,https://www.kinopoisk.ru/film/1008444/,нет,Дэдпул и Росомаха,Deadpool & Wolverine,2024,да,,533535
2025-02-24,https://www.kinopoisk.ru/film/961715/,нет,Дэдпул 2,Deadpool 2,2018,да,,383498
2025-02-23,https://www.kinopoisk.ru/film/462360/,нет,Дэдпул,Deadpool,2016,да,,293660
2025-02-23,https://www.kinopoisk.ru/film/667907/,нет,Кот в сапогах: Три Чертенка,Puss in Boots: The Three Diablos,2011,да,,83201
2025-02-23,https://www.kinopoisk.ru/film/102146/,нет,Кот в сапогах,Puss in Boots,2011,да,,417859
2025-02-23,https://www.kinopoisk.ru/film/840821/,нет,Кот в сапогах 2: Последнее желание,Puss in Boots: The Last Wish,2022,да,,315162
2025-02-21,https://www.kinopoisk.ru/film/430/,нет,Шрэк,Shrek,2001,да,,808
2025-02-06,https://www.kinopoisk.ru/film/5235968/,нет,Кентавр,,2023,да,,1142871
2025-02-05,https://www.kinopoisk.ru/film/653696/,нет,Географ глобус пропил,,2013,да,,225235
2025-02-03,https://www.kinopoisk.ru/film/5452393/,нет,Граф Монте-Кристо,Le Comte de Monte-Cristo,2024,да,,1084736
2025-01-28,https://www.kinopoisk.ru/film/5218526/,да,Конец лета,Slutet på sommaren,2023,да,,
2025-01-28,https://www.kinopoisk.ru/film/44811/,нет,Кин-дза-дза!,,1986,да,,20874
2025-01-21,https://www.kinopoisk.ru/film/5094888/,нет,Хитмен. Последнее дело,Knox Goes Away,2023,да,,972614
2025-01-21,https://www.kinopoisk.ru/film/893843/,нет,Джунгли,Jungle,2017,да,,390062
2025-01-20,https://www.kinopoisk.ru/film/4948870/,нет,Сплетение судеб,La Tresse,2023,да,,989596
2025-01-18,https://www.kinopoisk.ru/film/262771/,нет,99 франков,99 francs,2007,да,,8827
2025-01-17,https://www.kinopoisk.ru/film/890/,нет,Образцовый самец,Zoolander,2001,да,,9398
2025-01-14,https://www.kinopoisk.ru/film/535337/,нет,Учитель на замену,Detachment,2011,да,,74308
2025-01-13,https://www.kinopoisk.ru/film/5627252/,нет,Ёлки 11,,2024,да,,1372336
2025-01-13,https://www.kinopoisk.ru/film/4514472/,нет,Свидание с монстром,Woman of the Hour,2023,да,,835113
2025-01-09,https://www.kinopoisk.ru/film/4540126/,нет,Дюна: Часть вторая,Dune: Part Two,2024,да,,693134
2025-01-02,https://www.kinopoisk.ru/film/621/,нет,Дневник Бриджит Джонс,Bridget Jones's Diary,2001,да,,634
2024-12-30,https://www.kinopoisk.ru/film/988749/,нет,Приключения Паддингтона 3,Paddington in Peru,2024,да,,516729
2024-12-25,https://www.kinopoisk.ru/film/957887/,нет,Клаус,Klaus,2019,да,,508965
2024-12-23,https://www.kinopoisk.ru/film/1390797/,нет,Великая,Lee,2023,да,,832964
2024-12-22,https://www.kinopoisk.ru/film/5138485/,нет,Мария,Maria,2024,да,,1038263
2024-12-19,https://www.kinopoisk.ru/film/102510/,нет,Знамение,Knowing,2009,да,,13811
2024-12-13,https://www.kinopoisk.ru/film/464282/,нет,Впритык,Due Date,2010,да,,41733
2024-12-13,https://www.kinopoisk.ru/film/485261/,нет,Убойные каникулы,Tucker and Dale vs Evil,2010,да,,46838
2024-12-07,https://www.kinopoisk.ru/film/401177/,нет,Сумерки,Twilight,2008,да,,8966
2024-12-06,https://www.kinopoisk.ru/film/4860213/,нет,Субстанция,The Substance,2024,да,,933260
2024-12-06,https://www.kinopoisk.ru/film/5942378/,нет,Еретик,Heretic,2024,да,,1138194
2024-12-06,https://www.kinopoisk.ru/film/1183582/,нет,Холоп,,2019,да,,575828
2024-11-25,https://www.kinopoisk.ru/film/6303/,нет,Хищник,Predator,1987,да,,106
2024-11-23,https://www.kinopoisk.ru/film/410/,нет,Донни Дарко,Donnie Darko,2001,да,,141
2024-11-22,https://www.kinopoisk.ru/film/3935/,нет,Чужой 4: Воскрешение,Alien Resurrection,1997,да,,8078
2024-11-18,https://www.kinopoisk.ru/film/2286/,нет,Чужой 3,Alien³,1992,да,,8077
2024-11-18,https://www.kinopoisk.ru/film/406/,нет,Чужие,Aliens,1986,да,,679
2024-11-15,https://www.kinopoisk.ru/film/255379/,нет,Очень страшное кино 5,Scary Movie 5,2013,да,,4258
2024-11-15,https://www.kinopoisk.ru/film/32655/,нет,Очень страшное кино 4,Scary Movie 4,2006,да,,4257
2024-11-15,https://www.kinopoisk.ru/film/5002/,нет,Очень страшное кино 3,Scary Movie 3,2003,да,,4256
2024-11-15,https://www.kinopoisk.ru/film/3784/,нет,Крик 2,Scream 2,1997,да,,4233
2024-11-14,https://www.kinopoisk.ru/film/1807/,нет,Крик,Scream,1996,да,,4232
2024-11-10,https://www.kinopoisk.ru/film/386/,нет,Чужой,Alien,1979,да,,348
2024-11-10,https://www.kinopoisk.ru/film/195524/,нет,Я – легенда,I Am Legend,2007,да,,6479
2024-11-10,https://www.kinopoisk.ru/film/4807/,нет,"Не грози Южному Централу, попивая сок у себя в квартале",Don't Be a Menace to South Central While Drinking Your Juice in the Hood,1995,да,,10607
2024-11-08,https://www.kinopoisk.ru/film/171728/,нет,Пираньи 3D,Piranha 3D,2010,да,,43593
2024-11-06,https://www.kinopoisk.ru/film/356/,нет,В джазе только девушки,Some Like It Hot,1959,да,,239
2024-11-03,https://www.kinopoisk.ru/film/775410/,нет,Виселица,Hangman,2017,да,,323368
2024-11-03,https://www.kinopoisk.ru/film/49869/,нет,Интерстелла 5555: История секретной звездной системы,Interstella 5555: The 5tory of the 5ecret 5tar 5ystem,2003,да,,11049
2024-11-02,https://www.kinopoisk.ru/film/627/,нет,Изгой,Cast Away,2000,да,,8358
2024-10-27,https://www.kinopoisk.ru/film/1421546/,нет,Борат 2,Borat: Gift of Pornographic Monkey to Vice Premiere Mikhael Pence to Make Benefit Recently Diminished Nation of Kazakhstan,2020,да,,740985
2024-10-27,https://www.kinopoisk.ru/film/102474/,нет,Борат,Borat: Cultural Learnings of America for Make Benefit Glorious Nation of Kazakhstan,2006,да,,496
2024-10-27,https://www.kinopoisk.ru/film/1245501/,нет,По наклонной,Cherry,2020,да,,544401
2024-10-25,https://www.kinopoisk.ru/film/1328346/,нет,Джокер: Безумие на двоих,Joker: Folie à Deux,2024,да,,889737
2024-10-25,https://www.kinopoisk.ru/film/1048334/,нет,Джокер,Joker,2019,да,,475557
2024-10-25,https://www.kinopoisk.ru/film/5411536/,нет,Ужасающий 3,Terrifier 3,2024,да,,1034541
2024-09-30,https://www.kinopoisk.ru/film/4917/,нет,Святые из Бундока,The Boondock Saints,1999,да,,8374
2024-09-23,https://www.kinopoisk.ru/film/910353/,нет,Выстрел в пустоту,Shot Caller,2015,да,,339692
2024-07-26,https://www.kinopoisk.ru/film/47386/,нет,Объединённая зона безопасности,Gongdonggyeongbiguyeok JSA,2000,да,,2440
2024-07-25,https://www.kinopoisk.ru/film/771194/,да,Halo,,2022,да,,52814
2024-07-22,https://www.kinopoisk.ru/film/518037/,нет,Невозможное,Lo imposible,2012,да,,80278
2024-07-21,https://www.kinopoisk.ru/film/93377/,нет,Типа крутые легавые,Hot Fuzz,2007,да,,4638
2024-07-21,https://www.kinopoisk.ru/film/681831/,да,Настоящий детектив,True Detective,2014,да,,46648
2024-07-16,https://www.kinopoisk.ru/film/1395809/,нет,Выжившие. Бетонная утопия,Konkeuriteu yutopia,2023,да,,729854
2024-07-11,https://www.kinopoisk.ru/film/1294123/,нет,Матрица: Воскрешение,The Matrix Resurrections,2021,да,,624860
2024-07-11,https://www.kinopoisk.ru/film/464484/,нет,Облачный атлас,Cloud Atlas,2012,да,,83542
2024-07-10,https://www.kinopoisk.ru/film/5884949/,да,Хаяо Миядзаки: Экстра,,2018,да,,
2024-07-04,https://www.kinopoisk.ru/film/1071383/,нет,Мальчик и птица,Kimitachi wa Dou Ikiru ka,2023,да,,508883
2024-07-03,https://www.kinopoisk.ru/film/4384109/,нет,Белая птица: Новое чудо,White Bird,2023,да,,779816
2024-07-02,https://www.kinopoisk.ru/film/281040/,нет,Повелитель бури,The Hurt Locker,2008,да,,12162
2024-07-02,https://www.kinopoisk.ru/film/101711/,нет,16 кварталов,16 Blocks,2006,да,,2207
2024-06-30,https://www.kinopoisk.ru/film/958442/,нет,Ветреная река,Wind River,2016,да,,395834
2024-06-30,https://www.kinopoisk.ru/film/14288/,нет,Васаби,Wasabi,2001,да,,2110
2024-06-28,https://www.kinopoisk.ru/film/389/,нет,Леон,Léon,1994,да,,101
2024-06-27,https://www.kinopoisk.ru/film/47382/,нет,Пиджак,The Jacket,2004,да,,9667
2024-06-26,https://www.kinopoisk.ru/film/4968810/,нет,Падение империи,Civil War,2023,да,,929590
2024-06-26,https://www.kinopoisk.ru/film/4967684/,нет,Материнский инстинкт,Mothers' Instinct,2024,да,,758679
2024-06-26,https://www.kinopoisk.ru/film/86326/,нет,Счастливое число Слевина,Lucky Number Slevin,2005,да,,186
2024-06-24,https://www.kinopoisk.ru/film/843831/,нет,Сноуден,Snowden,2016,да,,302401
2024-06-23,https://www.kinopoisk.ru/film/577255/,нет,Золото,Gold,2016,да,,334524
2024-06-22,https://www.kinopoisk.ru/film/965754/,нет,Дело храбрых,Only the Brave,2017,да,,395991
2024-06-22,https://www.kinopoisk.ru/film/723/,нет,Планета Ка-Пэкс,K-PAX,2001,да,,167
2024-06-22,https://www.kinopoisk.ru/film/1402937/,нет,"Артур, ты король",Arthur the King,2024,да,,618588
2024-06-21,https://www.kinopoisk.ru/film/666951/,нет,Голгофа,Calvary,2013,да,,157832
2024-06-20,https://www.kinopoisk.ru/film/635772/,нет,Игра в имитацию,The Imitation Game,2014,да,,205596
2024-06-20,https://www.kinopoisk.ru/film/81691/,нет,Адамовы яблоки,Adams æbler,2005,да,,1023
2024-06-19,https://www.kinopoisk.ru/film/557837/,нет,Резня,Carnage,2011,да,,72113
2024-06-19,https://www.kinopoisk.ru/film/4991138/,нет,Меч короля,Bastarden,2023,да,,980026
2024-06-17,https://www.kinopoisk.ru/film/5105855/,нет,Одна жизнь,One Life,2023,да,,760774
2024-06-16,https://www.kinopoisk.ru/film/5304408/,нет,Марс Экспресс,Mars Express,2023,да,,586810
2024-05-25,https://www.kinopoisk.ru/film/4414587/,нет,Министерство неджентльменских дел,The Ministry of Ungentlemanly Warfare,2024,да,,799583
2024-05-12,https://www.kinopoisk.ru/film/1346482/,нет,Прошлые жизни,Past Lives,2023,да,,666277
2024-03-31,https://www.kinopoisk.ru/film/255611/,нет,Искупление,Atonement,2007,да,,4347
2024-03-31,https://www.kinopoisk.ru/film/1045245/,нет,Опасный элемент,Radioactive,2019,да,,480857
2024-03-30,https://www.kinopoisk.ru/film/577488/,нет,Она,Her,2013,да,,152601
2024-03-26,https://www.kinopoisk.ru/film/692861/,нет,Исчезнувшая,Gone Girl,2014,да,,210577
2024-03-20,https://www.kinopoisk.ru/film/4922904/,нет,Солтберн,Saltburn,2023,да,,930564
2024-03-19,https://www.kinopoisk.ru/film/1171976/,нет,1917,1917,2019,да,,530915
2024-03-19,https://www.kinopoisk.ru/film/253761/,нет,Братья,Brothers,2009,да,,7445
2024-03-18,https://www.kinopoisk.ru/film/7854/,нет,Возвращение кота,Neko no ongaeshi,2002,да,,15370
2024-03-15,https://www.kinopoisk.ru/film/722951/,нет,Чудо,Wonder,2017,да,,406997
2024-03-14,https://www.kinopoisk.ru/film/1289785/,нет,Мавританец,The Mauritanian,2020,да,,644583
2024-03-14,https://www.kinopoisk.ru/film/5005446/,нет,Стальная хватка,The Iron Claw,2023,да,,850165
2024-03-13,https://www.kinopoisk.ru/film/81584/,нет,Босиком по мостовой,Barfuss,2005,да,,6183
2024-03-12,https://www.kinopoisk.ru/film/841152/,нет,Славные парни,The Nice Guys,2016,да,,290250
2024-03-11,https://www.kinopoisk.ru/film/5283168/,нет,Идеальные дни,Perfect Days,2023,да,,976893
2024-03-10,https://www.kinopoisk.ru/film/4860001/,нет,Мистер Блейк к вашим услугам,Complètement cramé,2023,да,,792614
2024-03-08,https://www.kinopoisk.ru/film/276598/,нет,Драйв,Drive,2011,да,,64690
2024-03-06,https://www.kinopoisk.ru/film/47814/,нет,"Весна, лето, осень, зима... и снова весна",Bom yeoreum gaeul gyeoul geurigo bom,2003,да,,113
2024-02-25,https://www.kinopoisk.ru/film/77647/,нет,Горбатая гора,Brokeback Mountain,2005,да,,142
2024-02-25,https://www.kinopoisk.ru/film/749540/,нет,Kingsman: Секретная служба,Kingsman: The Secret Service,2015,да,,207703
2024-02-25,https://www.kinopoisk.ru/film/8827/,нет,Легенды осени,Legends of the Fall,1994,да,,4476
2024-02-23,https://www.kinopoisk.ru/film/81873/,нет,Иллюзия полета,Flightplan,2005,да,,9315
2024-02-13,https://www.kinopoisk.ru/film/606646/,нет,12 лет рабства,12 Years a Slave,2013,да,,76203
2024-02-12,https://www.kinopoisk.ru/film/467293/,нет,Грязь,Filth,2013,да,,85889
2024-02-10,https://www.kinopoisk.ru/film/610/,нет,Билли Эллиот,Billy Elliot,2000,да,,71
2024-02-08,https://www.kinopoisk.ru/film/462938/,нет,Мой парень – псих,Silver Linings Playbook,2012,да,,82693
2024-02-07,https://www.kinopoisk.ru/film/880/,нет,Чего хотят женщины,What Women Want,2000,да,,3981
2024-02-06,https://www.kinopoisk.ru/film/160977/,нет,Апокалипсис,Apocalypto,2006,да,,1579
2024-01-29,https://www.kinopoisk.ru/film/939411/,нет,Мотылёк,Papillon,2017,да,,433498
2024-01-28,https://www.kinopoisk.ru/film/1134493/,нет,Звук свободы,Sound of Freedom,2023,да,,678512
2024-01-26,https://www.kinopoisk.ru/film/716595/,нет,Шеф Адам Джонс,Burnt,2015,да,,295964
2024-01-17,https://www.kinopoisk.ru/film/44168/,нет,Девчата,,1961,да,,20975
2024-01-17,https://www.kinopoisk.ru/film/462606/,нет,Области тьмы,Limitless,2011,да,,51876
2024-01-17,https://www.kinopoisk.ru/film/252107/,нет,"Кто Вы, мистер Брукс?",Mr. Brooks,2007,да,,3432
2024-01-15,https://www.kinopoisk.ru/film/1188529/,нет,Достать ножи,Knives Out,2019,да,,546554
2024-01-15,https://www.kinopoisk.ru/film/4304/,нет,Тайное окно,Secret Window,2004,да,,1586
2024-01-12,https://www.kinopoisk.ru/film/681849/,нет,Лучшее предложение,La migliore offerta,2012,да,,152742
2024-01-11,https://www.kinopoisk.ru/film/406408/,нет,Законопослушный гражданин,Law Abiding Citizen,2009,да,,22803
2024-01-11,https://www.kinopoisk.ru/film/535341/,нет,1+1,Intouchables,2011,да,,77338
2024-01-11,https://www.kinopoisk.ru/film/682468/,да,Ганнибал,Hannibal,2013,да,,40008
2023-12-19,https://www.kinopoisk.ru/film/664/,нет,Семьянин,The Family Man,2000,да,,5994
2023-12-18,https://www.kinopoisk.ru/film/79429/,да,Мастер и Маргарита,,2005,да,,6395
2023-12-13,https://www.kinopoisk.ru/film/32898/,нет,Достучаться до небес,Knockin' on Heaven's Door,1997,да,,158
2023-12-10,https://www.kinopoisk.ru/film/75871/,нет,Олдбой,Oldeuboi,2003,да,,670
2023-12-10,https://www.kinopoisk.ru/film/663715/,нет,Голодные игры: Сойка-пересмешница. Часть II,The Hunger Games: Mockingjay - Part 2,2015,да,,131634
2023-12-10,https://www.kinopoisk.ru/film/661911/,нет,Голодные игры: Сойка-пересмешница. Часть I,The Hunger Games: Mockingjay - Part 1,2014,да,,131631
2023-12-10,https://www.kinopoisk.ru/film/602373/,нет,Голодные игры: И вспыхнет пламя,The Hunger Games: Catching Fire,2013,да,,101299
2023-12-09,https://www.kinopoisk.ru/film/468581/,нет,Голодные игры,The Hunger Games,2012,да,,70160
2023-12-05,https://www.kinopoisk.ru/film/329/,нет,Список Шиндлера,Schindler's List,1993,да,,424
2023-11-27,https://www.kinopoisk.ru/film/195434/,нет,Старикам тут не место,No Country for Old Men,2007,да,,6977
2023-11-05,https://www.kinopoisk.ru/film/749374/,да,Атака титанов,Shingeki no kyojin,2013,да,,1429
2023-11-04,https://www.kinopoisk.ru/film/12340/,нет,Чужие среди нас,They Live,1988,да,,8337
2023-11-04,https://www.kinopoisk.ru/film/5198/,нет,Кошмар на улице Вязов,A Nightmare on Elm Street,1984,да,,377
2023-10-31,https://www.kinopoisk.ru/film/4664634/,нет,Оппенгеймер,Oppenheimer,2023,да,,872585
2023-10-31,https://www.kinopoisk.ru/film/64021/,нет,Зомби по имени Шон,Shaun of the Dead,2004,да,,747
2023-10-31,https://www.kinopoisk.ru/film/577/,нет,28 дней спустя,28 Days Later...,2002,да,,170
2023-10-31,https://www.kinopoisk.ru/film/345/,нет,Молчание ягнят,The Silence of the Lambs,1990,да,,274
2023-10-22,https://www.kinopoisk.ru/film/259251/,нет,Груз 200,,2007,да,,34869
2023-10-21,https://www.kinopoisk.ru/film/506444/,нет,Путешествие Гектора в поисках счастья,Hector and the Search for Happiness,2014,да,,254375
2023-10-18,https://www.kinopoisk.ru/film/309475/,нет,Операция «Валькирия»,Valkyrie,2008,да,,2253
2023-10-18,https://www.kinopoisk.ru/film/463464/,нет,Афера под прикрытием,The Infiltrator,2016,да,,325789
2023-09-18,https://www.kinopoisk.ru/film/834394/,нет,В центре внимания,Spotlight,2015,да,,314365
2023-09-13,https://www.kinopoisk.ru/film/361/,нет,Бойцовский клуб,Fight Club,1999,да,,550
2023-09-11,https://www.kinopoisk.ru/film/3547/,нет,Факультет,The Faculty,1998,да,,9276
2023-09-04,https://www.kinopoisk.ru/film/492366/,нет,Ариэтти из страны лилипутов,Karigurashi no Arietti,2010,да,,51739
2023-09-02,https://www.kinopoisk.ru/film/32714/,нет,Шёпот сердца,Mimi wo sumaseba,1995,да,,37797
2023-08-30,https://www.kinopoisk.ru/film/693969/,нет,Ветер крепчает,Kaze tachinu,2013,да,,149870
2023-08-26,https://www.kinopoisk.ru/film/261127/,нет,Рыбка Поньо на утесе,Gake no ue no Ponyo,2008,да,,12429
2023-08-15,https://www.kinopoisk.ru/film/1121377/,нет,100 вещей и ничего лишнего,100 Dinge,2018,да,,546630
2023-08-06,https://www.kinopoisk.ru/film/839954/,нет,Легенда,Legend,2015,да,,276907
2023-07-12,https://www.kinopoisk.ru/film/3795/,нет,Сладкий ноябрь,Sweet November,2001,да,,1921
2023-07-07,https://www.kinopoisk.ru/film/1044045/,нет,Власть,Vice,2018,да,,429197
2023-07-05,https://www.kinopoisk.ru/film/927898/,нет,Переводчик,The Covenant,2022,да,,882569
2023-06-17,https://www.kinopoisk.ru/film/8229/,нет,Порко Россо,Kurenai no buta,1992,да,,11621
2023-06-13,https://www.kinopoisk.ru/film/574726/,нет,Со склонов Кокурико,Kokuriko-zaka kara,2011,да,,83389
2023-06-01,https://www.kinopoisk.ru/film/8221/,нет,Мой сосед Тоторо,Tonari no Totoro,1988,да,,8392
2023-04-28,https://www.kinopoisk.ru/film/462515/,нет,Жизнь прекрасна,50/50,2011,да,,40807
2023-04-20,https://www.kinopoisk.ru/film/1227997/,нет,Мира,,2022,да,,864101
2023-04-11,https://www.kinopoisk.ru/film/432791/,нет,"Человек, который изменил всё",Moneyball,2011,да,,60308
2023-04-10,https://www.kinopoisk.ru/film/837552/,нет,Сделано в Америке,American Made,2017,да,,337170
2023-04-09,https://www.kinopoisk.ru/film/1267348/,нет,Джон Уик 4,John Wick: Chapter 4,2023,да,,603692
2023-04-07,https://www.kinopoisk.ru/film/1009536/,нет,Джон Уик 3,John Wick: Chapter 3 - Parabellum,2019,да,,458156
2023-04-07,https://www.kinopoisk.ru/film/885658/,нет,Джон Уик 2,John Wick: Chapter Two,2017,да,,324552
2023-04-05,https://www.kinopoisk.ru/film/4294267/,нет,Неувольняемый,Irréductible,2022,да,,745608
2023-04-05,https://www.kinopoisk.ru/film/762738/,нет,Джон Уик,John Wick,2014,да,,245891
2023-03-30,https://www.kinopoisk.ru/film/1338502/,нет,Крушение,Plane,2022,да,,646389
2023-03-30,https://www.kinopoisk.ru/film/485311/,нет,Король говорит!,The King's Speech,2010,да,,45269
2023-03-29,https://www.kinopoisk.ru/film/1405508/,нет,Операция Фортуна: Искусство побеждать,Operation Fortune: Ruse de Guerre,2022,да,,739405
2023-03-19,https://www.kinopoisk.ru/film/46294/,нет,Начало,,1970,да,,83475
2023-03-01,https://www.kinopoisk.ru/film/596208/,нет,Хоть раз в жизни,Begin again,2013,да,,198277
2023-02-28,https://www.kinopoisk.ru/film/6034/,нет,Невероятная жизнь Уолтера Митти,The Secret Life of Walter Mitty,2013,да,,116745
2023-02-24,https://www.kinopoisk.ru/film/649917/,нет,По соображениям совести,Hacksaw Ridge,2016,да,,324786
2023-02-19,https://www.kinopoisk.ru/film/448/,нет,Форрест Гамп,Forrest Gump,1994,да,,13
2023-02-18,https://www.kinopoisk.ru/film/463694/,нет,Землетрясение,Tangshan da dizhen,2010,да,,44560
2023-02-15,https://www.kinopoisk.ru/film/104927/,нет,Отпуск по обмену,The Holiday,2006,да,,1581
2023-02-04,https://www.kinopoisk.ru/film/575180/,нет,Пираты Карибского моря: Мертвецы не рассказывают сказки,Pirates of the Caribbean: Dead Men Tell No Tales,2017,да,,166426
2023-02-02,https://www.kinopoisk.ru/film/427076/,нет,Пираты Карибского моря: На странных берегах,Pirates of the Caribbean: On Stranger Tides,2011,да,,1865
2023-02-01,https://www.kinopoisk.ru/film/4370148/,нет,Чебурашка,,2022,да,,751171
2023-01-31,https://www.kinopoisk.ru/film/102124/,нет,Пираты Карибского моря: На краю света,Pirates of the Caribbean: At World's End,2007,да,,285
2023-01-29,https://www.kinopoisk.ru/film/63991/,нет,Пираты Карибского моря: Сундук мертвеца,Pirates of the Caribbean: Dead Man's Chest,2006,да,,58
2023-01-28,https://www.kinopoisk.ru/film/4374/,нет,Пираты Карибского моря: Проклятие Черной жемчужины,Pirates of the Caribbean: The Curse of the Black Pearl,2003,да,,22
2023-01-24,https://www.kinopoisk.ru/film/355/,нет,Пианист,The Pianist,2002,да,,423
2023-01-23,https://www.kinopoisk.ru/film/4606/,нет,Без лица,Face/Off,1997,да,,754
2023-01-14,https://www.kinopoisk.ru/film/1262160/,нет,Отец,The Father,2020,да,,600354
2023-01-14,https://www.kinopoisk.ru/film/435/,нет,Зеленая миля,The Green Mile,1999,да,,497
2023-01-13,https://www.kinopoisk.ru/film/258687/,нет,Интерстеллар,Interstellar,2014,да,,157336
2023-01-13,https://www.kinopoisk.ru/film/5059/,нет,"Знакомьтесь, Джо Блэк",Meet Joe Black,1998,да,,297
2023-01-12,https://www.kinopoisk.ru/film/1008113/,нет,Таксист,Taeksi unjeonsa,2017,да,,437068
2023-01-12,https://www.kinopoisk.ru/film/761933/,нет,Я – начало,I Origins,2014,да,,244267
2023-01-11,https://www.kinopoisk.ru/film/527/,нет,День сурка,Groundhog Day,1993,да,,137
2023-01-11,https://www.kinopoisk.ru/film/519/,нет,Человек дождя,Rain Man,1988,да,,380
2023-01-11,https://www.kinopoisk.ru/film/1297211/,нет,Чрезвычайная ситуация,Bisangseoneon,2021,да,,626872
2023-01-10,https://www.kinopoisk.ru/film/808639/,нет,Дурак,,2014,да,,285700
2023-01-08,https://www.kinopoisk.ru/film/89514/,нет,Рататуй,Ratatouille,2007,да,,2062
2023-01-08,https://www.kinopoisk.ru/film/1109271/,нет,Майор Гром: Чумной Доктор,,2021,да,,529106
2023-01-07,https://www.kinopoisk.ru/film/1043758/,нет,Паразиты,Gisaengchung,2019,да,,496243
2023-01-07,https://www.kinopoisk.ru/film/1348487/,нет,Треугольник печали,Triangle of Sadness,2022,да,,497828
2023-01-06,https://www.kinopoisk.ru/film/501333/,нет,Игра на понижение,The Big Short,2015,да,,318846
2023-01-05,https://www.kinopoisk.ru/film/1449368/,нет,Дом Gucci,House of Gucci,2021,да,,644495
2023-01-05,https://www.kinopoisk.ru/film/1209527/,нет,Три тысячи лет желаний,Three Thousand Years of Longing,2022,да,,556694
2023-01-04,https://www.kinopoisk.ru/film/797840/,нет,Фантастические твари и где они обитают,Fantastic Beasts and Where to Find Them,2016,да,,259316
2023-01-03,https://www.kinopoisk.ru/film/4716622/,нет,Гарри Поттер 20 лет спустя: Возвращение в Хогвартс,Harry Potter 20th Anniversary: Return to Hogwarts,2022,да,,899082
2023-01-02,https://www.kinopoisk.ru/film/1263705/,нет,Еще по одной,Druk,2020,да,,580175
2023-01-02,https://www.kinopoisk.ru/film/407636/,нет,Гарри Поттер и Дары Смерти: Часть II,Harry Potter and the Deathly Hallows - Part 2,2011,да,,12445
2023-01-02,https://www.kinopoisk.ru/film/4771048/,нет,Гром: Трудное детство,,2023,да,,984317
2023-01-02,https://www.kinopoisk.ru/film/276762/,нет,Гарри Поттер и Дары Смерти: Часть I,Harry Potter and the Deathly Hallows - Part 1,2010,да,,12444
2023-01-01,https://www.kinopoisk.ru/film/89515/,нет,Гарри Поттер и Принц-полукровка,Harry Potter and the Half-Blood Prince,2009,да,,767
2022-12-31,https://www.kinopoisk.ru/film/48356/,нет,Гарри Поттер и Орден Феникса,Harry Potter and the Order of the Phoenix,2007,да,,675
2022-12-31,https://www.kinopoisk.ru/film/8408/,нет,Гарри Поттер и Кубок огня,Harry Potter and the Goblet of Fire,2005,да,,674
2022-12-30,https://www.kinopoisk.ru/film/322/,нет,Гарри Поттер и узник Азкабана,Harry Potter and the Prisoner of Azkaban,2004,да,,673
2022-12-30,https://www.kinopoisk.ru/film/688/,нет,Гарри Поттер и Тайная комната,Harry Potter and the Chamber of Secrets,2002,да,,672
2022-12-29,https://www.kinopoisk.ru/film/689/,нет,Гарри Поттер и философский камень,Harry Potter and the Sorcerer's Stone,2001,да,,671
2022-12-27,https://www.kinopoisk.ru/film/341/,нет,Амели,Le Fabuleux destin d'Amélie Poulain,2001,да,,194
2022-12-27,https://www.kinopoisk.ru/film/6144/,нет,Реальная любовь,Love Actually,2003,да,,508
2022-12-26,https://www.kinopoisk.ru/film/1045449/,нет,Босс-молокосос 2,The Boss Baby: Family Business,2021,да,,459151
2022-12-26,https://www.kinopoisk.ru/film/526/,нет,Большой куш,Snatch,2000,да,,107
2022-12-26,https://www.kinopoisk.ru/film/1176141/,нет,Гостиница Окко,Wakaokami wa Shougakusei!,2018,да,,521296
2022-12-25,https://www.kinopoisk.ru/film/738499/,нет,Гринч,The Grinch,2018,да,,360920
2022-12-24,https://www.kinopoisk.ru/film/4541/,нет,Шоу Трумана,The Truman Show,1998,да,,37165
2022-12-24,https://www.kinopoisk.ru/film/395/,нет,Шестое чувство,The Sixth Sense,1999,да,,745
2022-12-22,https://www.kinopoisk.ru/film/342/,нет,Криминальное чтиво,Pulp Fiction,1994,да,,680
2022-10-30,https://www.kinopoisk.ru/film/437040/,нет,Доброе утро,Morning Glory,2010,да,,38357
2022-10-27,https://www.kinopoisk.ru/film/391277/,нет,Потрошители,Repo Men,2009,да,,31867
2022-10-27,https://www.kinopoisk.ru/film/47015/,нет,Убить Билла 2,Kill Bill: Vol. 2,2004,да,,393
2022-10-27,https://www.kinopoisk.ru/film/279102/,нет,ВАЛЛ·И,WALL·E,2008,да,,10681
2022-10-27,https://www.kinopoisk.ru/film/7908/,нет,В поисках Немо,Finding Nemo,2003,да,,12
2022-10-27,https://www.kinopoisk.ru/film/906042/,нет,Приключения Паддингтона 2,Paddington 2,2017,да,,346648
2022-10-27,https://www.kinopoisk.ru/film/1950/,нет,Контакт,Contact,1997,да,,686
2022-10-11,https://www.kinopoisk.ru/film/397667/,нет,Остров проклятых,Shutter Island,2009,да,,11324
2022-09-29,https://www.kinopoisk.ru/film/521526/,нет,Жить,,2010,да,,59426
2022-09-28,https://www.kinopoisk.ru/film/1114854/,да,Спящие 2,,2018,да,,
2022-09-17,https://www.kinopoisk.ru/film/1101569/,нет,День курка,Boss Level,2019,да,,513310
2022-09-01,https://www.kinopoisk.ru/film/1301516/,да,Дублинские убийства,Dublin Murders,2019,да,,93481
2022-08-28,https://www.kinopoisk.ru/film/673428/,нет,Дикая,Wild,2014,да,,228970
2022-08-27,https://www.kinopoisk.ru/film/1355142/,нет,Флешбэк,Memory,2021,да,,818397
2022-08-04,https://www.kinopoisk.ru/film/5492/,нет,Вечное сияние чистого разума,Eternal Sunshine of the Spotless Mind,2004,да,,38
2022-07-31,https://www.kinopoisk.ru/film/5012/,нет,Гаттака,Gattaca,1997,да,,782
2022-07-27,https://www.kinopoisk.ru/film/4456600/,да,Киллер,,2022,да,,204408
2022-07-26,https://www.kinopoisk.ru/film/1359038/,да,Спроси Марту,,2020,да,,
2022-06-23,https://www.kinopoisk.ru/film/1322324/,нет,Всё везде и сразу,Everything Everywhere All at Once,2021,да,,545611
2022-06-21,https://www.kinopoisk.ru/film/4533880/,нет,1941. Крылья над Берлином,,2022,да,,895543
2022-06-19,https://www.kinopoisk.ru/film/104992/,нет,Дьявол носит Prada,The Devil Wears Prada,2006,да,,350
2022-06-18,https://www.kinopoisk.ru/film/7643/,нет,Матильда,Matilda,1996,да,,10830
2022-05-27,https://www.kinopoisk.ru/film/325381/,нет,Вверх,Up,2009,да,,14160
2022-05-22,https://www.kinopoisk.ru/film/512883/,нет,Как приручить дракона 2,How to Train Your Dragon 2,2014,да,,82702
2022-05-21,https://www.kinopoisk.ru/film/280172/,нет,Как приручить дракона,How to Train Your Dragon,2010,да,,10191
2022-05-21,https://www.kinopoisk.ru/film/837530/,нет,Моана,Moana,2016,да,,277834
2022-04-24,https://www.kinopoisk.ru/film/1234853/,нет,Мистер Нокаут,,2022,да,,586386
2022-04-23,https://www.kinopoisk.ru/film/989469/,нет,Путь к сердцу,Inner Workings,2016,да,,406785
2022-04-21,https://www.kinopoisk.ru/film/2717/,нет,Убить Билла,Kill Bill: Vol. 1,2003,да,,24
2022-04-19,https://www.kinopoisk.ru/film/1355139/,нет,Лулу и Бриггс,Dog,2021,да,,626735
2022-04-18,https://www.kinopoisk.ru/film/461939/,нет,Линкольн для адвоката,The Lincoln Lawyer,2011,да,,50348
2022-04-17,https://www.kinopoisk.ru/film/395787/,нет,Семь жизней,Seven Pounds,2008,да,,11321
2022-04-16,https://www.kinopoisk.ru/film/760815/,нет,Стрингер,Nightcrawler,2013,да,,242582
2022-04-09,https://www.kinopoisk.ru/film/571335/,да,Бесстыжие,Shameless,2011,да,,34307
2022-04-05,https://www.kinopoisk.ru/film/251735/,нет,Опустевший город,Reign Over Me,2007,да,,2355
2022-04-05,https://www.kinopoisk.ru/film/842493/,нет,Разрушение,Demolition,2015,да,,303991
2022-04-04,https://www.kinopoisk.ru/film/568289/,нет,Богемская рапсодия,Bohemian Rhapsody,2018,да,,424694
2022-04-04,https://www.kinopoisk.ru/film/893245/,нет,Основатель,The Founder,2016,да,,310307
2022-04-04,https://www.kinopoisk.ru/film/1142541/,да,Атака титанов: Потерянные девушки,Shingeki no Kyojin: Lost Girls,2017,да,,
2022-04-03,https://www.kinopoisk.ru/film/522941/,нет,Выживший,The Revenant,2015,да,,281957
2022-04-01,https://www.kinopoisk.ru/film/126196/,нет,Жизнь других,Das Leben der Anderen,2006,да,,582
2022-04-01,https://www.kinopoisk.ru/film/260162/,нет,Далласский клуб покупателей,Dallas Buyers Club,2013,да,,152532
2022-04-01,https://www.kinopoisk.ru/film/470553/,нет,Прислуга,The Help,2011,да,,50014
2022-03-31,https://www.kinopoisk.ru/film/413362/,нет,Миллионер из трущоб,Slumdog Millionaire,2008,да,,12405
2022-03-31,https://www.kinopoisk.ru/film/683999/,нет,Отель «Гранд Будапешт»,The Grand Budapest Hotel,2014,да,,120467
2022-03-30,https://www.kinopoisk.ru/film/324/,нет,"Поймай меня, если сможешь",Catch Me If You Can,2002,да,,640
2022-03-29,https://www.kinopoisk.ru/film/959606/,нет,Работа без авторства,Werk ohne Autor,2018,да,,423612
2022-03-29,https://www.kinopoisk.ru/film/5931/,нет,Очень страшное кино 2,Scary Movie 2,2001,да,,4248
2022-03-28,https://www.kinopoisk.ru/film/5932/,нет,Очень страшное кино,Scary Movie,2000,да,,4247
2022-03-28,https://www.kinopoisk.ru/film/1108577/,нет,Зеленая книга,Green Book,2018,да,,490132
2022-03-27,https://www.kinopoisk.ru/film/667667/,нет,Дом с паранормальными явлениями,A Haunted House,2013,да,,139038
2022-02-22,https://www.kinopoisk.ru/film/1368311/,нет,Черный ящик,Boîte noire,2020,да,,663260
2022-02-21,https://www.kinopoisk.ru/film/6877/,нет,Терминал,The Terminal,2004,да,,594
2022-01-04,https://www.kinopoisk.ru/film/4742878/,нет,Майор Гром: Чумной Доктор. Расширенная версия,,2021,да,,
2022-01-02,https://www.kinopoisk.ru/film/409424/,нет,Дюна,Dune: Part One,2021,да,,438631
2021-12-29,https://www.kinopoisk.ru/film/1008327/,да,Кардинал,Cardinal,2017,да,,67743
2021-12-27,https://www.kinopoisk.ru/film/1311660/,да,Убийство на ферме «Уайтхаус»,White House Farm,2020,да,,96954
2021-12-26,https://www.kinopoisk.ru/film/1309570/,нет,Человек-паук: Нет пути домой,Spider-Man: No Way Home,2021,да,,634649
2021-12-25,https://www.kinopoisk.ru/film/1236063/,нет,Довод,Tenet,2020,да,,577922
2021-12-23,https://www.kinopoisk.ru/film/602409/,нет,Новый Человек-паук: Высокое напряжение,The Amazing Spider-Man 2,2014,да,,102382
2021-12-22,https://www.kinopoisk.ru/film/278217/,нет,Новый Человек-паук,The Amazing Spider-Man,2012,да,,1930
2021-12-22,https://www.kinopoisk.ru/film/82441/,нет,Человек-паук 3: Враг в отражении,Spider-Man 3,2007,да,,559
2021-12-21,https://www.kinopoisk.ru/film/2898/,нет,Человек-паук 2,Spider-Man 2,2004,да,,558
2021-12-18,https://www.kinopoisk.ru/film/679486/,нет,Тайна Коко,Coco,2017,да,,354912
2021-12-16,https://www.kinopoisk.ru/film/838/,нет,Человек-паук,Spider-Man,2002,да,,557
2021-12-15,https://www.kinopoisk.ru/film/316/,нет,Матрица: Революция,The Matrix Revolutions,2003,да,,605
2021-12-14,https://www.kinopoisk.ru/film/299/,нет,Матрица: Перезагрузка,The Matrix Reloaded,2003,да,,604
2021-12-14,https://www.kinopoisk.ru/film/301/,нет,Матрица,The Matrix,1999,да,,603
2021-11-06,https://www.kinopoisk.ru/film/1080513/,нет,Вперёд,Onward,2019,да,,508439
2021-04-30,https://www.kinopoisk.ru/film/823594/,да,Вечность,Forever,2014,да,,60726
2021-04-27,https://www.kinopoisk.ru/film/1238506/,нет,Земля кочевников,Nomadland,2020,да,,581734
2021-04-24,https://www.kinopoisk.ru/film/1138750/,да,Манифест,Manifest,2018,да,,79696